#pragma once
#include <stdint.h>

// Source image colors preserved at the display's RGB565 depth.
constexpr uint16_t LOGO_WIDTH = 260;
constexpr uint16_t LOGO_HEIGHT = 59;
const uint16_t LOGO_PIXELS[] PROGMEM = {
  0x0000, 0x0000, 0x0000, 0x0000, 0x0000, 0x0000, 0x0000, 0x0000, 0x0000, 0x0000, 0x0000, 0x0000, 0x0000, 0x0000, 0x0000, 0x0000,
  0x0000, 0x0000, 0x0000, 0x0000, 0x0000, 0x0000, 0x0000, 0x0000, 0x0000, 0x0000, 0x0000, 0x0000, 0x0000, 0x0000, 0x0000, 0x0000,
  0x0000, 0x0000, 0x0000, 0x0000, 0x0000, 0x0000, 0x0000, 0x0000, 0x0000, 0x0000, 0x0000, 0x0000, 0x0000, 0x0000, 0x0000, 0x0000,
  0x0000, 0x0000, 0x0000, 0x0000, 0x0000, 0x0000, 0x0000, 0x0000, 0x0000, 0x0000, 0x0000, 0x0000, 0x0000, 0x0000, 0x0000, 0x0000,
  0x0000, 0x0000, 0x0000, 0x0000, 0x0000, 0x0000, 0x0000, 0x0000, 0x0000, 0x0000, 0x0000, 0x0000, 0x0000, 0x0000, 0x0000, 0x0000,
  0x0000, 0x0000, 0x0000, 0x0000, 0x0000, 0x0000, 0x0000, 0x0000, 0x0000, 0x0000, 0x0000, 0x0000, 0x0000, 0x0000, 0x0000, 0x0000,
  0x0000, 0x0000, 0x0000, 0x0000, 0x0000, 0x0000, 0x0000, 0x0000, 0x0000, 0x0000, 0x0000, 0x0000, 0x0000, 0x0000, 0x0000, 0x0000,
  0x0000, 0x0000, 0x0000, 0x0000, 0x0000, 0x0000, 0x0000, 0x0000, 0x0000, 0x0000, 0x0000, 0x0000, 0x0000, 0x0000, 0x0000, 0x0000,
  0x0000, 0x0000, 0x0000, 0x0000, 0x0000, 0x0000, 0x0000, 0x0000, 0x0000, 0x0000, 0x0000, 0x0000, 0x0000, 0x0000, 0x0000, 0x0000,
  0x0000, 0x0000, 0x0000, 0x0000, 0x0000, 0x0000, 0x0000, 0x0000, 0x0000, 0x0000, 0x0000, 0x0000, 0x0000, 0x0000, 0x0000, 0x0000,
  0x0000, 0x0000, 0x0000, 0x0000, 0x0000, 0x0000, 0x0000, 0x0000, 0x0000, 0x0000, 0x0000, 0x0000, 0x0000, 0x0000, 0x0000, 0x0000,
  0x0000, 0x0000, 0x0000, 0x0000, 0x0000, 0x0000, 0x0000, 0x0000, 0x0000, 0x0000, 0x0000, 0x0000, 0x0000, 0x0000, 0x0000, 0x0000,
  0x0000, 0x0000, 0x0000, 0x0000, 0x0000, 0x0000, 0x0000, 0x0000, 0x0000, 0x0000, 0x0000, 0x0000, 0x0000, 0x0000, 0x0000, 0x0000,
  0x0000, 0x0000, 0x0000, 0x0000, 0x0000, 0x0000, 0x0000, 0x0000, 0x0000, 0x0000, 0x0000, 0x0000, 0x0000, 0x0000, 0x0000, 0x0000,
  0x0000, 0x0000, 0x0000, 0x0000, 0x0000, 0x0000, 0x0000, 0x0000, 0x0000, 0x0000, 0x0000, 0x0000, 0x0000, 0x0000, 0x0000, 0x0000,
  0x0000, 0x0000, 0x0000, 0x0000, 0x0000, 0x0000, 0x0000, 0x0000, 0x0000, 0x0000, 0x0000, 0x0000, 0x0000, 0x0000, 0x0000, 0x0000,
  0x0000, 0x0000, 0x0000, 0x0000, 0x0000, 0x0000, 0x0000, 0x0000, 0x0000, 0x0000, 0x0000, 0x0000, 0x0000, 0x0000, 0x0000, 0x0000,
  0x0000, 0x0000, 0x0000, 0x0000, 0x0000, 0x0000, 0x0000, 0x0000, 0x0000, 0x0000, 0x0000, 0x0000, 0x0000, 0x0000, 0x0000, 0x0000,
  0x0000, 0x0000, 0x0000, 0x0000, 0x0000, 0x0000, 0x0000, 0x0000, 0x0000, 0x0000, 0x0000, 0x0000, 0x0000, 0x0000, 0xF800, 0xF800,
  0xF800, 0x0000, 0x0000, 0x0000, 0x0000, 0x0000, 0x0000, 0x0000, 0x0000, 0x0000, 0x0000, 0x0000, 0x0000, 0x0000, 0x0000, 0x0000,
  0x0000, 0x0000, 0x0000, 0x0000, 0x0000, 0x0000, 0x0000, 0x0000, 0x0000, 0x0000, 0x0000, 0x0000, 0x0000, 0x0000, 0x0000, 0x0000,
  0x0000, 0x0000, 0x0000, 0x0000, 0x0000, 0x0000, 0x0000, 0x0000, 0x0000, 0x0000, 0x0000, 0x0000, 0x0000, 0x0000, 0x0000, 0x0000,
  0x0000, 0x0000, 0x0000, 0x0000, 0x0000, 0x0000, 0x0000, 0x0000, 0x0000, 0x0000, 0x0000, 0x0000, 0x0000, 0x0000, 0x0000, 0x0000,
  0x0000, 0x0000, 0x0000, 0x0000, 0x0000, 0x0000, 0x0000, 0x0000, 0x0000, 0x0000, 0x0000, 0x0000, 0x0000, 0x0000, 0x0000, 0x0000,
  0x0000, 0x0000, 0x0000, 0x0000, 0x0000, 0x0000, 0x0000, 0x0000, 0x0000, 0x0000, 0x0000, 0x0000, 0x0000, 0x0000, 0x0000, 0x0000,
  0x0000, 0x0000, 0x0000, 0x0000, 0x0000, 0x0000, 0x0000, 0x0000, 0x0000, 0x0000, 0x0000, 0x0000, 0x0000, 0x0000, 0x0000, 0x0000,
  0x0000, 0x0000, 0x0000, 0x0000, 0x0000, 0x0000, 0x0000, 0x0000, 0x0000, 0x0000, 0x0000, 0x0000, 0x0000, 0x0000, 0x0000, 0x0000,
  0x0000, 0x0000, 0x0000, 0x0000, 0x0000, 0x0000, 0x0000, 0x0000, 0x0000, 0x0000, 0x0000, 0x0000, 0x0000, 0x0000, 0x0000, 0x0000,
  0x0000, 0x0000, 0x0000, 0x0000, 0x0000, 0x0000, 0x0000, 0x0000, 0x0000, 0x0000, 0x0000, 0x0000, 0x0000, 0x0000, 0x0000, 0x0000,
  0x0000, 0x0000, 0x0000, 0x0000, 0x0000, 0x0000, 0x0000, 0x0000, 0x0000, 0x0000, 0x0000, 0x0000, 0x0000, 0x0000, 0x0000, 0x0000,
  0x0000, 0x0000, 0x0000, 0x0000, 0x0000, 0x0000, 0x0000, 0x0000, 0x0000, 0x0000, 0x0000, 0x0000, 0x0000, 0x0000, 0x0000, 0x0000,
  0x0000, 0x0000, 0x0000, 0x0000, 0x0000, 0x0000, 0x0000, 0x0000, 0x0000, 0x0000, 0x0000, 0x0000, 0x0000, 0x0000, 0x0000, 0x0000,
  0x0000, 0x0000, 0x0000, 0x0000, 0x0000, 0x0000, 0x0000, 0x0000, 0x0000, 0x0000, 0x0000, 0x0000, 0x0000, 0x0000, 0x0000, 0x0000,
  0x0000, 0x0000, 0x0000, 0x0000, 0x0000, 0x0000, 0x0000, 0x0000, 0x0000, 0x0000, 0x0000, 0x0000, 0x0000, 0x0000, 0x0000, 0x0000,
  0x0000, 0x0000, 0x0000, 0x0000, 0x0000, 0x0000, 0x0000, 0x0000, 0x0000, 0x0000, 0x0000, 0x0000, 0xF800, 0xFBE0, 0x0000, 0xEB45,
  0xF366, 0xF386, 0xF386, 0xF386, 0xF386, 0xE325, 0x0000, 0xCB26, 0x0000, 0x0000, 0x0000, 0x0000, 0x0000, 0x0000, 0x0000, 0x0000,
  0x0000, 0x0000, 0x0000, 0x0000, 0x0000, 0x0000, 0x0000, 0x0000, 0x0000, 0x0000, 0x0000, 0x0000, 0x0000, 0x0000, 0x0000, 0x0000,
  0x0000, 0x0000, 0x0000, 0x0000, 0x0000, 0x0000, 0x0000, 0x0000, 0x0000, 0x0000, 0x0000, 0x0000, 0x0000, 0x0000, 0x0000, 0x0000,
  0x0000, 0x0000, 0xFFFF, 0x0000, 0x0000, 0x0000, 0x59E7, 0x72A7, 0x0000, 0x0000, 0x0000, 0x0000, 0x0000, 0x0000, 0x0000, 0x0000,
  0x0000, 0x0000, 0x0000, 0x0000, 0x0000, 0x0000, 0x0000, 0x0000, 0x0000, 0x0000, 0x0000, 0x0000, 0x0000, 0x0000, 0x0000, 0x0000,
  0x0000, 0x0000, 0x0000, 0x0000, 0x0000, 0x0000, 0x0000, 0x0000, 0x0000, 0x0000, 0x0000, 0x0000, 0x0000, 0x0000, 0x0000, 0x0000,
  0x0000, 0x0000, 0x0000, 0x0000, 0x0000, 0x0000, 0x0000, 0x0000, 0x0000, 0x0000, 0x0000, 0x0000, 0x0000, 0x0000, 0x0000, 0x0000,
  0x0000, 0x0000, 0x0000, 0x0000, 0x0000, 0x0000, 0x0000, 0x0000, 0x0000, 0x0000, 0x0000, 0x0000, 0x0000, 0x0000, 0x0000, 0x0000,
  0x0000, 0x0000, 0x0000, 0x0000, 0x0000, 0x0000, 0x0000, 0x0000, 0x0000, 0x0000, 0x0000, 0x0000, 0x0000, 0x0000, 0x0000, 0x0000,
  0x0000, 0x0000, 0x0000, 0x0000, 0x0000, 0x0000, 0x0000, 0x0000, 0x0000, 0x0000, 0x0000, 0x0000, 0x0000, 0x0000, 0x0000, 0x0000,
  0x0000, 0x0000, 0x0000, 0x0000, 0x0000, 0x0000, 0x0000, 0x0000, 0x0000, 0x0000, 0x0000, 0x0000, 0x0000, 0x0000, 0x0000, 0x0000,
  0x0000, 0x0000, 0x0000, 0x0000, 0x0000, 0x0000, 0x0000, 0x0000, 0x0000, 0x0000, 0x0000, 0x0000, 0x0000, 0x0000, 0x0000, 0x0000,
  0x0000, 0x0000, 0x0000, 0x0000, 0x0000, 0x0000, 0x0000, 0x0000, 0x0000, 0x0000, 0x0000, 0x0000, 0x0000, 0x0000, 0x0000, 0x0000,
  0x0000, 0x0000, 0x0000, 0x0000, 0x0000, 0x0000, 0x0000, 0x0000, 0x0000, 0x0000, 0x0000, 0x0000, 0x0000, 0x0000, 0x0000, 0x0000,
  0x0000, 0x0000, 0x0000, 0x0000, 0x0000, 0x0000, 0x0000, 0x0000, 0x0000, 0x0000, 0x0000, 0x0000, 0x0000, 0x0000, 0x0000, 0x0000,
  0x0000, 0x0000, 0x0000, 0x0000, 0x0000, 0x0000, 0x0000, 0x0000, 0x0000, 0x0000, 0x0000, 0x0000, 0x0000, 0x0000, 0x0000, 0xEB65,
  0xF3A6, 0xFB85, 0xF385, 0xF385, 0xF385, 0xF385, 0xF385, 0xF385, 0xF386, 0xF385, 0xF365, 0xFBA6, 0xF366, 0x0000, 0x0000, 0x0000,
  0x0000, 0x0000, 0x0000, 0x0000, 0x0000, 0x0000, 0x0000, 0x0000, 0x0000, 0x0000, 0x0000, 0x0000, 0x0000, 0x0000, 0x0000, 0x0000,
  0x0000, 0x0000, 0x0000, 0x0000, 0x0000, 0x0000, 0x0000, 0x0000, 0x0000, 0x0000, 0x0000, 0x0000, 0x0000, 0x0000, 0x0000, 0x0000,
  0x0000, 0x0000, 0x0000, 0x0000, 0x0000, 0x0000, 0x0000, 0xE71B, 0xF79D, 0xFFBE, 0xF79E, 0xF79E, 0xF79E, 0xF79D, 0xFBEF, 0x0000,
  0x0000, 0x0000, 0x0000, 0x0000, 0x0000, 0x0000, 0x0000, 0x0000, 0x0000, 0x0000, 0x0000, 0x0000, 0x0000, 0x0000, 0x0000, 0x0000,
  0x0000, 0x0000, 0x0000, 0x0000, 0x0000, 0x0000, 0x0000, 0x0000, 0x0000, 0x0000, 0x0000, 0x0000, 0x0000, 0x0000, 0x0000, 0x0000,
  0x0000, 0x0000, 0x0000, 0x0000, 0x0000, 0x0000, 0x0000, 0x0000, 0x0000, 0x0000, 0x0000, 0x0000, 0x0000, 0x0000, 0x0000, 0x0000,
  0x0000, 0x0000, 0x0000, 0x0000, 0x0000, 0x0000, 0x0000, 0x0000, 0x0000, 0x0000, 0x0000, 0x0000, 0x0000, 0x0000, 0x0000, 0x0000,
  0x0000, 0x0000, 0x0000, 0x0000, 0x0000, 0x0000, 0x0000, 0x0000, 0x0000, 0x0000, 0x0000, 0x0000, 0x0000, 0x0000, 0x0000, 0x0000,
  0x0000, 0x0000, 0x0000, 0x0000, 0x0000, 0x0000, 0x0000, 0x0000, 0x0000, 0x0000, 0x0000, 0x0000, 0x0000, 0x0000, 0x0000, 0x0000,
  0x0000, 0x0000, 0x0000, 0x0000, 0x0000, 0x0000, 0x0000, 0x0000, 0x0000, 0x0000, 0x0000, 0x0000, 0x0000, 0x0000, 0x0000, 0x0000,
  0x0000, 0x0000, 0x0000, 0x0000, 0x0000, 0x0000, 0x0000, 0x0000, 0x0000, 0x0000, 0x0000, 0x0000, 0x0000, 0x0000, 0x0000, 0x0000,
  0x0000, 0x0000, 0x0000, 0x0000, 0x0000, 0x0000, 0x0000, 0x0000, 0x0000, 0x0000, 0x0000, 0x0000, 0x0000, 0x0000, 0x0000, 0x0000,
  0x0000, 0x0000, 0x0000, 0x0000, 0x0000, 0x0000, 0x0000, 0x0000, 0x0000, 0x0000, 0x0000, 0x0000, 0x0000, 0x0000, 0x0000, 0x0000,
  0x0000, 0x0000, 0x0000, 0x0000, 0x0000, 0x0000, 0x0000, 0x0000, 0x0000, 0x0000, 0x0000, 0x0000, 0x0000, 0x0000, 0x0000, 0x0000,
  0x0000, 0x0000, 0x0000, 0x0000, 0x0000, 0x0000, 0x0000, 0x0000, 0x0000, 0x0000, 0x0000, 0x0000, 0x0000, 0x0000, 0x0000, 0x0000,
  0xFFE0, 0xEB85, 0xF385, 0xF386, 0xF386, 0xF386, 0xF385, 0xF365, 0xF365, 0xF365, 0xF385, 0xFB86, 0xF386, 0xF386, 0xF386, 0xF386,
  0xF386, 0xF365, 0xF3A6, 0xF800, 0x0000, 0x0000, 0x0000, 0x0000, 0x0000, 0x0000, 0x0000, 0x0000, 0x0000, 0x0000, 0x0000, 0x0000,
  0x0000, 0x0000, 0x0000, 0x0000, 0x0000, 0x0000, 0x0000, 0x0000, 0x0000, 0x0000, 0x0000, 0x0000, 0x0000, 0x0000, 0x0000, 0x0000,
  0x0000, 0x0000, 0x0000, 0x0000, 0x0000, 0x0000, 0x0000, 0x0000, 0x0000, 0x0000, 0xFFFF, 0xEF5D, 0xF79D, 0xF79D, 0xF79D, 0xF79D,
  0xF79D, 0xF77D, 0xFFFF, 0x0000, 0x0000, 0x0000, 0x0000, 0x0000, 0x0000, 0x0000, 0x0000, 0x0000, 0x0000, 0x0000, 0x0000, 0x0000,
  0x0000, 0x0000, 0x0000, 0x0000, 0x0000, 0x0000, 0x0000, 0x0000, 0x0000, 0x0000, 0x0000, 0x0000, 0x0000, 0x0000, 0x0000, 0x0000,
  0x0000, 0x0000, 0x0000, 0x0000, 0x0000, 0x0000, 0x0000, 0x0000, 0x0000, 0x0000, 0x0000, 0x0000, 0x0000, 0x0000, 0x0000, 0x0000,
  0x0000, 0x0000, 0x0000, 0x0000, 0x0000, 0x0000, 0x0000, 0x0000, 0x0000, 0x0000, 0x0000, 0x0000, 0x0000, 0x0000, 0x0000, 0x0000,
  0x0000, 0x0000, 0x0000, 0x0000, 0x0000, 0x0000, 0x0000, 0x0000, 0x0000, 0x0000, 0x0000, 0x0000, 0x0000, 0x0000, 0x0000, 0x0000,
  0x0000, 0x0000, 0x0000, 0x0000, 0x0000, 0x0000, 0x0000, 0x0000, 0x0000, 0x0000, 0x0000, 0x0000, 0x0000, 0x0000, 0x0000, 0x0000,
  0x0000, 0x0000, 0x0000, 0x0000, 0x0000, 0x0000, 0x0000, 0x0000, 0x0000, 0x0000, 0x0000, 0x0000, 0x0000, 0x0000, 0x0000, 0x0000,
  0x0000, 0x0000, 0x0000, 0x0000, 0x0000, 0x0000, 0x0000, 0x0000, 0x0000, 0x0000, 0x0000, 0x0000, 0x0000, 0x0000, 0x0000, 0x0000,
  0x0000, 0x0000, 0x0000, 0x0000, 0x0000, 0x0000, 0x0000, 0x0000, 0x0000, 0x0000, 0x0000, 0x0000, 0x0000, 0x0000, 0x0000, 0x0000,
  0x0000, 0x0000, 0x0000, 0x0000, 0x0000, 0x0000, 0x0000, 0x0000, 0x0000, 0x0000, 0x0000, 0x0000, 0x0000, 0x0000, 0x0000, 0x0000,
  0x0000, 0x0000, 0x0000, 0x0000, 0x0000, 0x0000, 0x0000, 0x0000, 0x0000, 0x0000, 0x0000, 0x0000, 0x0000, 0x0000, 0x0000, 0x0000,
  0x0000, 0x0000, 0x0000, 0x0000, 0x0000, 0x0000, 0x0000, 0x0000, 0x0000, 0x0000, 0x0000, 0x0000, 0x0000, 0x0000, 0x0000, 0x0000,
  0x0000, 0x0000, 0x0000, 0xF385, 0xF365, 0xF386, 0xF385, 0xF386, 0xF386, 0xFB86, 0xF386, 0xF385, 0xF365, 0xF385, 0xF385, 0xF385,
  0xF386, 0xF385, 0xF386, 0xF386, 0xF386, 0xF386, 0xF386, 0xFBA6, 0xFBE0, 0x0000, 0x0000, 0x0000, 0x0000, 0x0000, 0x0000, 0x0000,
  0x0000, 0x0000, 0x0000, 0x0000, 0x0000, 0x0000, 0x0000, 0x0000, 0x0000, 0x0000, 0x0000, 0x0000, 0x0000, 0x0000, 0x0000, 0x0000,
  0x0000, 0x0000, 0x0000, 0x0000, 0x0000, 0x0000, 0x0000, 0x0000, 0x0000, 0x0000, 0x0000, 0x0000, 0x0000, 0x0000, 0xFFFF, 0xEF5C,
  0xF79D, 0xF79D, 0xF79D, 0xF79D, 0xF79D, 0xF79D, 0xFFFF, 0x0000, 0x0000, 0x0000, 0x0000, 0x0000, 0x0000, 0x0000, 0x0000, 0x0000,
  0x0000, 0x0000, 0x0000, 0x0000, 0x0000, 0x0000, 0x0000, 0x0000, 0x0000, 0x0000, 0x0000, 0x0000, 0x0000, 0x0000, 0x0000, 0x0000,
  0x0000, 0x0000, 0x0000, 0x0000, 0x0000, 0x0000, 0x0000, 0x0000, 0x0000, 0x0000, 0x0000, 0x0000, 0x0000, 0x0000, 0x0000, 0x0000,
  0x0000, 0x0000, 0x0000, 0x0000, 0x0000, 0x0000, 0x0000, 0x0000, 0x0000, 0x0000, 0x0000, 0x0000, 0x0000, 0x0000, 0x0000, 0x0000,
  0x0000, 0x0000, 0x0000, 0x0000, 0x0000, 0x0000, 0x0000, 0x0000, 0x0000, 0x0000, 0x0000, 0x0000, 0x0000, 0x0000, 0x0000, 0x0000,
  0x0000, 0x0000, 0x0000, 0x0000, 0x0000, 0x0000, 0x0000, 0x0000, 0x0000, 0x0000, 0x0000, 0x0000, 0x0000, 0x0000, 0x0000, 0x0000,
  0x0000, 0x0000, 0x0000, 0x0000, 0x0000, 0x0000, 0x0000, 0x0000, 0x0000, 0x0000, 0x0000, 0x0000, 0x0000, 0x0000, 0x0000, 0x0000,
  0x0000, 0x0000, 0x0000, 0x0000, 0x0000, 0x0000, 0x0000, 0x0000, 0x0000, 0x0000, 0x0000, 0x0000, 0x0000, 0x0000, 0x0000, 0x0000,
  0x0000, 0x0000, 0x0000, 0x0000, 0x0000, 0x0000, 0x0000, 0x0000, 0x0000, 0x0000, 0x0000, 0x0000, 0x0000, 0x0000, 0x0000, 0x0000,
  0x0000, 0x0000, 0x0000, 0x0000, 0x0000, 0x0000, 0x0000, 0x0000, 0x0000, 0x0000, 0x0000, 0x0000, 0x0000, 0x0000, 0x0000, 0x0000,
  0x0000, 0x0000, 0x0000, 0x0000, 0x0000, 0x0000, 0x0000, 0x0000, 0x0000, 0x0000, 0x0000, 0x0000, 0x0000, 0x0000, 0x0000, 0x0000,
  0x0000, 0x0000, 0x0000, 0x0000, 0x0000, 0x0000, 0x0000, 0x0000, 0x0000, 0x0000, 0x0000, 0x0000, 0x0000, 0x0000, 0x0000, 0x0000,
  0x0000, 0x0000, 0x0000, 0x0000, 0xFBE0, 0xEB66, 0xF385, 0xF385, 0xF385, 0xF385, 0xFB85, 0xF386, 0xFB86, 0xF386, 0xF386, 0xF386,
  0xF386, 0xF385, 0xFB85, 0xF386, 0xF386, 0xF385, 0xF386, 0xF386, 0xF386, 0xF386, 0xF386, 0xF386, 0xF3A7, 0x0000, 0x0000, 0x0000,
  0x0000, 0x0000, 0x0000, 0x0000, 0x0000, 0x0000, 0x0000, 0x0000, 0x0000, 0x0000, 0x0000, 0x0000, 0x0000, 0x0000, 0x0000, 0x0000,
  0x0000, 0x0000, 0x0000, 0x0000, 0x0000, 0x0000, 0x0000, 0x0000, 0x0000, 0x0000, 0x0000, 0x0000, 0x0000, 0x0000, 0x0000, 0x0000,
  0x0000, 0x0000, 0xFFFF, 0xF75D, 0xF79E, 0xF79D, 0xF79E, 0xF7BE, 0xF79E, 0xF79E, 0xFFFF, 0x0000, 0x0000, 0x0000, 0x0000, 0x0000,
  0x0000, 0x0000, 0x0000, 0x0000, 0x0000, 0x0000, 0x0000, 0x0000, 0x0000, 0x0000, 0x0000, 0x0000, 0x0000, 0x0000, 0x0000, 0x0000,
  0x0000, 0x0000, 0x0000, 0x0000, 0x0000, 0x0000, 0x0000, 0x0000, 0x0000, 0x0000, 0x0000, 0x0000, 0x0000, 0x0000, 0x0000, 0x0000,
  0x0000, 0x0000, 0x0000, 0x0000, 0x0000, 0x0000, 0x0000, 0x0000, 0x0000, 0x0000, 0x0000, 0x0000, 0x0000, 0x0000, 0x0000, 0x0000,
  0x0000, 0x0000, 0x0000, 0x0000, 0x0000, 0x0000, 0x0000, 0x0000, 0x0000, 0x0000, 0x0000, 0x0000, 0x0000, 0x0000, 0x0000, 0x0000,
  0x0000, 0x0000, 0x0000, 0x0000, 0x0000, 0x0000, 0x0000, 0x0000, 0x0000, 0x0000, 0x0000, 0x0000, 0x0000, 0x0000, 0x0000, 0x0000,
  0x0000, 0x0000, 0x0000, 0x0000, 0x0000, 0x0000, 0x0000, 0x0000, 0x0000, 0x0000, 0x0000, 0x0000, 0x0000, 0x0000, 0x0000, 0x0000,
  0x0000, 0x0000, 0x0000, 0x0000, 0x0000, 0x0000, 0x0000, 0x0000, 0x0000, 0x0000, 0x0000, 0x0000, 0x0000, 0x0000, 0x0000, 0x0000,
  0x0000, 0x0000, 0x0000, 0x0000, 0x0000, 0x0000, 0x0000, 0x0000, 0x0000, 0x0000, 0x0000, 0x0000, 0x0000, 0x0000, 0x0000, 0x0000,
  0x0000, 0x0000, 0x0000, 0x0000, 0x0000, 0x0000, 0x0000, 0x0000, 0x0000, 0x0000, 0x0000, 0x0000, 0x0000, 0x0000, 0x0000, 0x0000,
  0x0000, 0x0000, 0x0000, 0x0000, 0x0000, 0x0000, 0x0000, 0x0000, 0x0000, 0x0000, 0x0000, 0x0000, 0x0000, 0x0000, 0x0000, 0x0000,
  0x0000, 0x0000, 0x0000, 0x0000, 0x0000, 0x0000, 0x0000, 0x0000, 0x0000, 0x0000, 0x0000, 0x0000, 0x0000, 0x0000, 0x0000, 0x0000,
  0x0000, 0x0000, 0x0000, 0x0000, 0x0000, 0x0000, 0xFFE0, 0xEB86, 0xF385, 0xF386, 0xF385, 0xF385, 0xF385, 0xFB86, 0xFB86, 0xFB86,
  0xF386, 0xF386, 0xF385, 0xF385, 0xF385, 0xF385, 0xF385, 0xFB86, 0xF386, 0xF386, 0xF386, 0xF386, 0xF386, 0xFB86, 0xF386, 0xF386,
  0xF386, 0x0000, 0x0000, 0x0000, 0x0000, 0x0000, 0x0000, 0x0000, 0x0000, 0x0000, 0x0000, 0x0000, 0x0000, 0x0000, 0x0000, 0x0000,
  0x0000, 0x0000, 0x0000, 0x0000, 0x0000, 0x0000, 0x0000, 0x0000, 0x0000, 0x0000, 0x0000, 0x0000, 0x0000, 0x0000, 0x0000, 0x0000,
  0x0000, 0x0000, 0x0000, 0x0000, 0x0000, 0x0000, 0xFFFF, 0xF77D, 0xF79E, 0xF79D, 0xF79E, 0xF7BE, 0xF7BE, 0xF79E, 0xFFFF, 0x0000,
  0x0000, 0x0000, 0x0000, 0x0000, 0x0000, 0x0000, 0x0000, 0x0000, 0x0000, 0x0000, 0x0000, 0x0000, 0x0000, 0x0000, 0x0000, 0x0000,
  0x0000, 0x0000, 0x0000, 0x0000, 0x0000, 0x0000, 0x0000, 0x0000, 0x0000, 0x0000, 0x0000, 0x0000, 0x0000, 0x0000, 0x0000, 0x0000,
  0x0000, 0x0000, 0x0000, 0x0000, 0x0000, 0x0000, 0x0000, 0x0000, 0x0000, 0x0000, 0x0000, 0x0000, 0x0000, 0x0000, 0x0000, 0x0000,
  0x0000, 0x0000, 0x0000, 0x0000, 0x0000, 0x0000, 0x0000, 0x0000, 0x0000, 0x0000, 0x0000, 0x0000, 0x0000, 0x0000, 0x0000, 0x0000,
  0x0000, 0x0000, 0x0000, 0x0000, 0x0000, 0x0000, 0x0000, 0x0000, 0x0000, 0x0000, 0x0000, 0x0000, 0x0000, 0x0000, 0x0000, 0x0000,
  0x0000, 0x0000, 0x0000, 0x0000, 0x0000, 0x0000, 0x0000, 0x0000, 0x0000, 0x0000, 0x0000, 0x0000, 0x0000, 0x0000, 0x0000, 0x0000,
  0x0000, 0x0000, 0x0000, 0x0000, 0x0000, 0x0000, 0x0000, 0x0000, 0x0000, 0x0000, 0x0000, 0x0000, 0x0000, 0x0000, 0x0000, 0x0000,
  0x0000, 0x0000, 0x0000, 0x0000, 0x0000, 0x0000, 0x0000, 0x0000, 0x0000, 0x0000, 0x0000, 0x0000, 0x0000, 0x0000, 0x0000, 0x0000,
  0x0000, 0x0000, 0x0000, 0x0000, 0x0000, 0x0000, 0x0000, 0x0000, 0x0000, 0x0000, 0x0000, 0x0000, 0x0000, 0x0000, 0x0000, 0x0000,
  0x0000, 0x0000, 0x0000, 0x0000, 0x0000, 0x0000, 0x0000, 0x0000, 0x0000, 0x0000, 0x0000, 0x0000, 0x0000, 0x0000, 0x0000, 0x0000,
  0x0000, 0x0000, 0x0000, 0x0000, 0x0000, 0x0000, 0x0000, 0x0000, 0x0000, 0x0000, 0x0000, 0x0000, 0x0000, 0x0000, 0x0000, 0x0000,
  0x0000, 0x0000, 0x0000, 0x0000, 0x0000, 0x0000, 0x0000, 0x0000, 0xF800, 0xEB45, 0xF386, 0xF386, 0xF385, 0xF366, 0xF385, 0xF385,
  0xFB85, 0xFB86, 0xFB86, 0xFB86, 0xF385, 0xF386, 0xF385, 0xF386, 0xFB86, 0xF386, 0xF385, 0xF386, 0xF385, 0xF385, 0xF385, 0xFB86,
  0xF386, 0xF386, 0xF386, 0xF386, 0xF386, 0xF3A6, 0x0000, 0x0000, 0x0000, 0x0000, 0x0000, 0x0000, 0x0000, 0x0000, 0x0000, 0x0000,
  0x0000, 0x0000, 0x0000, 0x0000, 0x0000, 0x0000, 0x0000, 0x0000, 0x0000, 0x0000, 0x0000, 0x0000, 0x0000, 0x0000, 0x0000, 0x0000,
  0x0000, 0x0000, 0x0000, 0x0000, 0x0000, 0x0000, 0x0000, 0x0000, 0x0000, 0x0000, 0xFFFF, 0xF77D, 0xF79E, 0xF79E, 0xF79E, 0xF79D,
  0xF79E, 0xF79D, 0xFFFF, 0x0000, 0x0000, 0x0000, 0x0000, 0x0000, 0x0000, 0x0000, 0x0000, 0x0000, 0x0000, 0x0000, 0x0000, 0x0000,
  0x0000, 0x0000, 0x0000, 0x0000, 0x0000, 0x0000, 0x0000, 0x0000, 0x0000, 0x0000, 0x0000, 0x0000, 0x0000, 0x0000, 0x0000, 0x0000,
  0x0000, 0x0000, 0x0000, 0x0000, 0x0000, 0x0000, 0x0000, 0x0000, 0x0000, 0x0000, 0x0000, 0x0000, 0x0000, 0x0000, 0x0000, 0x0000,
  0x0000, 0x0000, 0x0000, 0x0000, 0x0000, 0x0000, 0x0000, 0x0000, 0x0000, 0x0000, 0x0000, 0x0000, 0x0000, 0x0000, 0x0000, 0x0000,
  0x0000, 0x0000, 0x0000, 0x0000, 0x0000, 0x0000, 0x0000, 0x0000, 0x0000, 0x0000, 0x0000, 0x0000, 0x0000, 0x0000, 0x0000, 0x0000,
  0x0000, 0x0000, 0x0000, 0x0000, 0x0000, 0x0000, 0x0000, 0x0000, 0x0000, 0x0000, 0x0000, 0x0000, 0x0000, 0x0000, 0x0000, 0x0000,
  0x0000, 0x0000, 0x0000, 0x0000, 0x0000, 0x0000, 0x0000, 0x0000, 0x0000, 0x0000, 0x0000, 0x0000, 0x0000, 0x0000, 0x0000, 0x0000,
  0x0000, 0x0000, 0x0000, 0x0000, 0x0000, 0x0000, 0x0000, 0x0000, 0x0000, 0x0000, 0x0000, 0x0000, 0x0000, 0x0000, 0x0000, 0x0000,
  0x0000, 0x0000, 0x0000, 0x0000, 0x0000, 0x0000, 0x0000, 0x0000, 0x0000, 0x0000, 0x0000, 0x0000, 0x0000, 0x0000, 0x0000, 0x0000,
  0x0000, 0x0000, 0x0000, 0x0000, 0x0000, 0x0000, 0x0000, 0x0000, 0x0000, 0x0000, 0x0000, 0x0000, 0x0000, 0x0000, 0x0000, 0x0000,
  0x0000, 0x0000, 0x0000, 0x0000, 0x0000, 0x0000, 0x0000, 0x0000, 0x0000, 0x0000, 0x0000, 0x0000, 0x0000, 0x0000, 0x0000, 0x0000,
  0x0000, 0x0000, 0x0000, 0x0000, 0x0000, 0x0000, 0x0000, 0x0000, 0x0000, 0x0000, 0xF800, 0xE345, 0xFBA6, 0xF386, 0xF385, 0xF366,
  0xF385, 0xF386, 0xF386, 0xF386, 0xF386, 0xFB86, 0xF386, 0xF386, 0xFB86, 0xFB85, 0xF385, 0xF386, 0xF386, 0xF385, 0xF385, 0xF385,
  0xFB85, 0xF385, 0xF386, 0xFB86, 0xF386, 0xFB86, 0xF386, 0xF386, 0xF386, 0xFBC6, 0xDB69, 0x0000, 0x0000, 0x0000, 0x0000, 0x0000,
  0x0000, 0x0000, 0x0000, 0x0000, 0x0000, 0x0000, 0x0000, 0x0000, 0x0000, 0x0000, 0x0000, 0x0000, 0x0000, 0x0000, 0x0000, 0x0000,
  0x0000, 0x0000, 0x0000, 0x0000, 0x0000, 0x0000, 0x0000, 0x0000, 0x0000, 0x0000, 0x0000, 0x0000, 0x0000, 0x0000, 0xFFFF, 0xF79D,
  0xF79E, 0xF79D, 0xF79E, 0xF79D, 0xF79D, 0xF79D, 0xFFFF, 0x0000, 0x0000, 0x0000, 0x0000, 0x0000, 0x0000, 0x0000, 0x0000, 0x0000,
  0x0000, 0x0000, 0x0000, 0x0000, 0x0000, 0x0000, 0x0000, 0x0000, 0x0000, 0x0000, 0x0000, 0x0000, 0x0000, 0x0000, 0x0000, 0x0000,
  0x0000, 0x0000, 0x0000, 0x0000, 0x0000, 0x0000, 0x0000, 0x0000, 0x0000, 0x0000, 0x0000, 0x0000, 0x0000, 0x0000, 0x0000, 0x0000,
  0x0000, 0x0000, 0x0000, 0x0000, 0x0000, 0x0000, 0x0000, 0x0000, 0x0000, 0x0000, 0x0000, 0x0000, 0x0000, 0x0000, 0x0000, 0x0000,
  0x0000, 0x0000, 0x0000, 0x0000, 0x0000, 0x0000, 0x0000, 0x0000, 0x0000, 0x0000, 0x0000, 0x0000, 0x0000, 0x0000, 0x0000, 0x0000,
  0x0000, 0x0000, 0x0000, 0x0000, 0x0000, 0x0000, 0x0000, 0x0000, 0x0000, 0x0000, 0x0000, 0x0000, 0x0000, 0x0000, 0x0000, 0x0000,
  0x0000, 0x0000, 0x0000, 0x0000, 0x0000, 0x0000, 0x0000, 0x0000, 0x0000, 0x0000, 0x0000, 0x0000, 0x0000, 0x0000, 0x0000, 0x0000,
  0x0000, 0x0000, 0x0000, 0x0000, 0x0000, 0x0000, 0x0000, 0x0000, 0x0000, 0x0000, 0x0000, 0x0000, 0x0000, 0x0000, 0x0000, 0x0000,
  0x0000, 0x0000, 0x0000, 0x0000, 0x0000, 0x0000, 0x0000, 0x0000, 0x0000, 0x0000, 0x0000, 0x0000, 0x0000, 0x0000, 0x0000, 0x0000,
  0x0000, 0x0000, 0x0000, 0x0000, 0x0000, 0x0000, 0x0000, 0x0000, 0xFFFF, 0x0000, 0x0000, 0x0000, 0x0000, 0x0000, 0x0000, 0x0000,
  0x0000, 0x0000, 0x0000, 0x0000, 0x0000, 0x0000, 0x0000, 0x0000, 0x0000, 0x0000, 0x0000, 0x0000, 0x0000, 0x0000, 0x0000, 0x0000,
  0x0000, 0x0000, 0x0000, 0x0000, 0x0000, 0x0000, 0x0000, 0x0000, 0x0000, 0x0000, 0x0000, 0x0000, 0x7800, 0xE305, 0xFB86, 0xF365,
  0xF365, 0xF385, 0xF385, 0xF386, 0xF386, 0xF385, 0xFB86, 0xF386, 0xFB86, 0xF386, 0xF386, 0xF386, 0xF386, 0xF386, 0xFB86, 0xF385,
  0xF385, 0xF385, 0xF385, 0xF385, 0xF385, 0xF385, 0xF385, 0xF386, 0xF386, 0xFB86, 0xF386, 0xF386, 0xF3A6, 0xFBA6, 0xFBE0, 0x0000,
  0x0000, 0x0000, 0x0000, 0x0000, 0x0000, 0x0000, 0x0000, 0x0000, 0x0000, 0x0000, 0x0000, 0x0000, 0x0000, 0x0000, 0x0000, 0x0000,
  0x0000, 0x0000, 0x0000, 0x0000, 0x0000, 0x0000, 0x0000, 0x0000, 0x0000, 0x0000, 0x0000, 0x0000, 0x0000, 0x0000, 0x0000, 0x0000,
  0x0000, 0x0000, 0xFFFF, 0xF79D, 0xF79E, 0xF79D, 0xF79D, 0xF79D, 0xF79D, 0xF79D, 0xFFFF, 0x0000, 0x0000, 0x0000, 0x0000, 0x0000,
  0x0000, 0x0000, 0x0000, 0x0000, 0x0000, 0x0000, 0x0000, 0x0000, 0x0000, 0x0000, 0x0000, 0x0000, 0x0000, 0x0000, 0x0000, 0x0000,
  0x0000, 0x0000, 0x0000, 0x0000, 0x0000, 0x0000, 0x0000, 0x0000, 0x0000, 0x0000, 0x0000, 0x0000, 0x0000, 0x0000, 0x0000, 0x0000,
  0x0000, 0x0000, 0x0000, 0x0000, 0x0000, 0x0000, 0x0000, 0x0000, 0x0000, 0x0000, 0x0000, 0x0000, 0x0000, 0x0000, 0x0000, 0x0000,
  0x0000, 0x0000, 0x0000, 0x0000, 0x0000, 0x0000, 0x0000, 0x0000, 0x0000, 0x0000, 0x0000, 0x0000, 0x0000, 0x0000, 0x0000, 0x0000,
  0x0000, 0x0000, 0x0000, 0x0000, 0x0000, 0x0000, 0x0000, 0x0000, 0x0000, 0x0000, 0x0000, 0x0000, 0x0000, 0x0000, 0x0000, 0x0000,
  0x0000, 0x0000, 0x0000, 0x0000, 0x0000, 0x0000, 0x0000, 0x0000, 0x0000, 0x0000, 0x0000, 0x0000, 0x0000, 0x0000, 0x0000, 0x0000,
  0x0000, 0x0000, 0x0000, 0x0000, 0x0000, 0x0000, 0x0000, 0x0000, 0x0000, 0x0000, 0x0000, 0x0000, 0x0000, 0x0000, 0x0000, 0x0000,
  0x0000, 0x0000, 0x0000, 0x0000, 0x0000, 0x0000, 0x0000, 0x0000, 0x0000, 0x0000, 0x0000, 0x0000, 0x0000, 0x0000, 0x0000, 0x0000,
  0x0000, 0x0000, 0x0000, 0x0000, 0x0000, 0x0000, 0x0000, 0x0000, 0x0000, 0x0000, 0x0000, 0xFFFF, 0x0000, 0xF79D, 0xF77D, 0xF77D,
  0xF77D, 0xF79D, 0xF79E, 0xC5D6, 0xFFFF, 0x0000, 0x0000, 0x0000, 0x0000, 0x0000, 0x0000, 0x0000, 0x0000, 0x0000, 0x0000, 0x0000,
  0x0000, 0x0000, 0x0000, 0x0000, 0x0000, 0x0000, 0x0000, 0x0000, 0x0000, 0x0000, 0x0000, 0x0000, 0x0000, 0x0000, 0xF800, 0xFBE7,
  0xFBA6, 0xF385, 0xF385, 0xF385, 0xFB85, 0xF385, 0xF385, 0xF386, 0xF386, 0xFB86, 0xF386, 0xF386, 0xF386, 0xF386, 0xFB86, 0xFB86,
  0xF386, 0xF385, 0xF386, 0xFBA6, 0x0000, 0xFBE5, 0xFB64, 0xD3E5, 0xFAA0, 0x0000, 0xF365, 0xFBA6, 0xF385, 0xF385, 0xF386, 0xF3A6,
  0xF3A6, 0xF385, 0x0000, 0x0000, 0x0000, 0x0000, 0x0000, 0x0000, 0x0000, 0x0000, 0x0000, 0x0000, 0x0000, 0x0000, 0x0000, 0x0000,
  0x0000, 0x0000, 0x0000, 0x0000, 0x0000, 0x0000, 0x0000, 0x0000, 0x0000, 0x0000, 0x0000, 0x0000, 0x0000, 0x0000, 0x0000, 0x0000,
  0x0000, 0x0000, 0x0000, 0x0000, 0x0000, 0xFFFF, 0xFFFF, 0xF79D, 0xF79E, 0xF79E, 0xF79D, 0xF79D, 0xF79D, 0xF79D, 0xFFFF, 0x0000,
  0x0000, 0x0000, 0x0000, 0x0000, 0x0000, 0x0000, 0x0000, 0x0000, 0x0000, 0x0000, 0x0000, 0x0000, 0x0000, 0x0000, 0x0000, 0x0000,
  0x0000, 0x0000, 0x0000, 0x0000, 0x0000, 0x0000, 0x0000, 0x0000, 0x0000, 0x0000, 0x0000, 0x0000, 0x0000, 0x0000, 0x0000, 0x0000,
  0x0000, 0x0000, 0x0000, 0x0000, 0x0000, 0x0000, 0x0000, 0x0000, 0x0000, 0x0000, 0x0000, 0x0000, 0x0000, 0x0000, 0x0000, 0x0000,
  0x0000, 0x0000, 0x0000, 0x0000, 0x0000, 0x0000, 0x0000, 0x0000, 0x0000, 0x0000, 0x0000, 0x0000, 0x0000, 0x0000, 0x0000, 0x0000,
  0x0000, 0x0000, 0x0000, 0x0000, 0x0000, 0x0000, 0x0000, 0x0000, 0x0000, 0x0000, 0x0000, 0x0000, 0x0000, 0x0000, 0x0000, 0x0000,
  0x0000, 0x0000, 0x0000, 0x0000, 0x0000, 0x0000, 0x0000, 0x0000, 0x0000, 0x0000, 0x0000, 0x0000, 0x0000, 0x0000, 0x0000, 0x0000,
  0x0000, 0x0000, 0x0000, 0x0000, 0x0000, 0x0000, 0x0000, 0x0000, 0x0000, 0x0000, 0x0000, 0x0000, 0x0000, 0x0000, 0x0000, 0x0000,
  0x0000, 0x0000, 0x0000, 0x0000, 0x0000, 0x0000, 0x0000, 0x0000, 0x0000, 0x0000, 0x0000, 0x0000, 0x0000, 0x0000, 0x0000, 0x0000,
  0x0000, 0x0000, 0x0000, 0x0000, 0x0000, 0x0000, 0x0000, 0x0000, 0x0000, 0x0000, 0x0000, 0x0000, 0x0000, 0x0000, 0x0000, 0xFFFF,
  0x0000, 0xF79E, 0xF79E, 0xF79D, 0xF79D, 0xF79D, 0xF79D, 0xC5F8, 0xFFFF, 0x0000, 0x0000, 0x0000, 0x0000, 0x0000, 0x0000, 0x0000,
  0x0000, 0x0000, 0x0000, 0x0000, 0x0000, 0x0000, 0x0000, 0x0000, 0x0000, 0x0000, 0x0000, 0x0000, 0x0000, 0x0000, 0x0000, 0x0000,
  0x0000, 0xFAA0, 0xFBA6, 0xF385, 0xF365, 0xF365, 0xF365, 0xF385, 0xF385, 0xFB85, 0xF385, 0xF385, 0xF386, 0xFB86, 0xFB86, 0xF386,
  0xF386, 0xFB86, 0xF385, 0xF385, 0xF365, 0xFAA0, 0x0000, 0x0000, 0x0000, 0x0000, 0x0000, 0x0000, 0x0000, 0x0000, 0x0000, 0xFFE0,
  0x0000, 0xF3A6, 0xF385, 0xF386, 0xF3A6, 0xFBA6, 0xFB26, 0x0000, 0x0000, 0x0000, 0x0000, 0x0000, 0x0000, 0x0000, 0x0000, 0x0000,
  0x0000, 0x0000, 0x0000, 0x0000, 0x0000, 0x0000, 0x0000, 0x0000, 0x0000, 0x0000, 0x0000, 0x0000, 0x0000, 0x0000, 0x0000, 0x0000,
  0x0000, 0x0000, 0x0000, 0x0000, 0x0000, 0x0000, 0x0000, 0x0000, 0x0000, 0xFFFF, 0xFFFF, 0xF79D, 0xF79E, 0xF79D, 0xF79D, 0xF79D,
  0xF79E, 0xF79D, 0xFFFF, 0x0000, 0x0000, 0x0000, 0x0000, 0x0000, 0x0000, 0x0000, 0x0000, 0x0000, 0x0000, 0x0000, 0x0000, 0x0000,
  0x0000, 0x0000, 0x0000, 0x0000, 0x0000, 0x0000, 0x0000, 0x0000, 0x0000, 0x0000, 0x0000, 0x0000, 0x0000, 0x0000, 0x0000, 0x0000,
  0x0000, 0x0000, 0x0000, 0x0000, 0x0000, 0x0000, 0x0000, 0x0000, 0x0000, 0x0000, 0x0000, 0x0000, 0x0000, 0x0000, 0x0000, 0x0000,
  0x0000, 0x0000, 0x0000, 0x0000, 0x0000, 0x0000, 0x0000, 0x0000, 0x0000, 0x0000, 0x0000, 0x0000, 0x0000, 0x0000, 0x0000, 0x0000,
  0x0000, 0x0000, 0x0000, 0x0000, 0x0000, 0x0000, 0x0000, 0x0000, 0x0000, 0x0000, 0x0000, 0x0000, 0x0000, 0x0000, 0x0000, 0x0000,
  0x0000, 0x0000, 0x0000, 0x0000, 0x0000, 0x0000, 0x0000, 0x0000, 0x0000, 0x0000, 0x0000, 0x0000, 0x0000, 0x0000, 0x0000, 0x0000,
  0x0000, 0x0000, 0x0000, 0x0000, 0x0000, 0x0000, 0x0000, 0x0000, 0x0000, 0x0000, 0x0000, 0x0000, 0x0000, 0x0000, 0x0000, 0x0000,
  0x0000, 0x0000, 0x0000, 0x0000, 0x0000, 0x0000, 0x0000, 0x0000, 0x0000, 0x0000, 0x0000, 0x0000, 0x0000, 0x0000, 0x0000, 0x0000,
  0x0000, 0x0000, 0x0000, 0x0000, 0x0000, 0x0000, 0x0000, 0x0000, 0x0000, 0x0000, 0x0000, 0x0000, 0x0000, 0x0000, 0x0000, 0x0000,
  0x0000, 0x0000, 0x0000, 0xFFFF, 0x0000, 0xF79D, 0xF79E, 0xF79E, 0xF79D, 0xF79D, 0xF79D, 0xD678, 0xFFFF, 0x0000, 0x0000, 0x0000,
  0x0000, 0x0000, 0x0000, 0x0000, 0x0000, 0x0000, 0x0000, 0x0000, 0x0000, 0x0000, 0x0000, 0x0000, 0x0000, 0x0000, 0x0000, 0x0000,
  0x0000, 0x0000, 0x0000, 0xF800, 0xFBC6, 0xF385, 0xF365, 0xF385, 0xF365, 0xF385, 0xF386, 0xF385, 0xF386, 0xFB86, 0xF385, 0xFB86,
  0xFB86, 0xF386, 0xF386, 0xF386, 0xF385, 0xF365, 0xF385, 0xAAA0, 0xF800, 0x0000, 0x0000, 0x0000, 0x0000, 0x0000, 0x0000, 0x0000,
  0x0000, 0x0000, 0x0000, 0x0000, 0xF800, 0xF800, 0x0000, 0xFBA6, 0xFBA6, 0xFBE7, 0xFBE7, 0x0000, 0x0000, 0x0000, 0x0000, 0x0000,
  0x0000, 0x0000, 0x0000, 0x0000, 0x0000, 0x0000, 0x0000, 0x0000, 0x0000, 0x0000, 0x0000, 0x0000, 0x0000, 0x0000, 0x0000, 0x0000,
  0x0000, 0x0000, 0x0000, 0x0000, 0x0000, 0x0000, 0x0000, 0x0000, 0x0000, 0x0000, 0x0000, 0x0000, 0xFFFF, 0xFFFF, 0xFFFF, 0xF79D,
  0xF79D, 0xF79D, 0xF79D, 0xF79D, 0xF79E, 0xF79D, 0xFFFF, 0x0000, 0x0000, 0x0000, 0x0000, 0x0000, 0x0000, 0x0000, 0x0000, 0x0000,
  0x0000, 0x0000, 0x0000, 0x0000, 0x0000, 0x0000, 0x0000, 0x0000, 0x0000, 0x0000, 0x0000, 0x0000, 0x0000, 0x0000, 0x0000, 0x0000,
  0x0000, 0x0000, 0x0000, 0x0000, 0x0000, 0x0000, 0x0000, 0x0000, 0x0000, 0x0000, 0x0000, 0x0000, 0x0000, 0x0000, 0x0000, 0x0000,
  0x0000, 0x0000, 0x0000, 0x0000, 0x0000, 0x0000, 0x0000, 0x0000, 0x0000, 0x0000, 0x0000, 0x0000, 0x0000, 0x0000, 0x0000, 0x0000,
  0x0000, 0x0000, 0x0000, 0x0000, 0x0000, 0x0000, 0x0000, 0x0000, 0x0000, 0x0000, 0x0000, 0x0000, 0x0000, 0x0000, 0x0000, 0x0000,
  0x0000, 0x0000, 0x0000, 0x0000, 0x0000, 0x0000, 0x0000, 0x0000, 0x0000, 0x0000, 0x0000, 0x0000, 0x0000, 0x0000, 0x0000, 0x0000,
  0x0000, 0x0000, 0x0000, 0x0000, 0x0000, 0x0000, 0x0000, 0x0000, 0x0000, 0x0000, 0x0000, 0x0000, 0x0000, 0x0000, 0x0000, 0x0000,
  0x0000, 0x0000, 0x0000, 0x0000, 0x0000, 0x0000, 0x0000, 0x0000, 0x0000, 0x0000, 0x0000, 0x0000, 0x0000, 0x0000, 0x0000, 0x0000,
  0x0000, 0x0000, 0x0000, 0x0000, 0x0000, 0x0000, 0x0000, 0x0000, 0x0000, 0x0000, 0x0000, 0x0000, 0x0000, 0x0000, 0x0000, 0x0000,
  0x0000, 0x0000, 0x0000, 0x0000, 0x0000, 0x0000, 0x0000, 0xFFFF, 0x0000, 0xF79D, 0xF79D, 0xF79D, 0xF79D, 0xF79D, 0xF79D, 0xDEBA,
  0xFFFF, 0x0000, 0x0000, 0x0000, 0x0000, 0x0000, 0x0000, 0x0000, 0x0000, 0x0000, 0x0000, 0x0000, 0x0000, 0x0000, 0x0000, 0x0000,
  0x0000, 0x0000, 0x0000, 0x0000, 0x0000, 0xF800, 0xFBC6, 0xF386, 0xFB85, 0xF385, 0xF386, 0xF385, 0xF385, 0xF385, 0xFB85, 0xF386,
  0xF386, 0xF386, 0xF385, 0xFB85, 0xF386, 0xF385, 0xF385, 0xF385, 0xF365, 0xFBE0, 0xF800, 0x0000, 0x0000, 0x0000, 0x0000, 0x0000,
  0x0000, 0x0000, 0x0000, 0x0000, 0x0000, 0x0000, 0x0000, 0x0000, 0x0000, 0x0000, 0x0000, 0xFBEF, 0xF3C7, 0xFBC6, 0x0000, 0x0000,
  0x0000, 0x0000, 0x0000, 0x0000, 0x0000, 0x0000, 0x0000, 0x0000, 0x0000, 0x0000, 0x0000, 0x0000, 0x0000, 0x0000, 0x0000, 0x0000,
  0x0000, 0x0000, 0x0000, 0x0000, 0x0000, 0x0000, 0x0000, 0x0000, 0x0000, 0x0000, 0x0000, 0x0000, 0x0000, 0x0000, 0x0000, 0x0000,
  0xFFFF, 0xFFFF, 0xFFFF, 0xF79E, 0xF79D, 0xF79D, 0xF79D, 0xF79D, 0xF79E, 0xF79D, 0xFFFF, 0x0000, 0x0000, 0x0000, 0x0000, 0x0000,
  0x0000, 0x0000, 0x0000, 0x0000, 0x0000, 0x0000, 0x0000, 0x0000, 0x0000, 0x0000, 0x0000, 0x0000, 0x0000, 0x0000, 0x0000, 0x0000,
  0x0000, 0x0000, 0x0000, 0x0000, 0x0000, 0x0000, 0x0000, 0x0000, 0x0000, 0x0000, 0x0000, 0x0000, 0x0000, 0x0000, 0x0000, 0x0000,
  0x0000, 0x0000, 0x0000, 0x0000, 0x0000, 0x0000, 0x0000, 0x0000, 0x0000, 0x0000, 0x0000, 0x0000, 0x0000, 0x0000, 0x0000, 0x0000,
  0x0000, 0x0000, 0x0000, 0x0000, 0x0000, 0x0000, 0x0000, 0x0000, 0x0000, 0x0000, 0x0000, 0x0000, 0x0000, 0x0000, 0x0000, 0x0000,
  0x0000, 0x0000, 0x0000, 0x0000, 0x0000, 0x0000, 0x0000, 0x0000, 0x0000, 0x0000, 0x0000, 0x0000, 0x0000, 0x0000, 0x0000, 0x0000,
  0x0000, 0x0000, 0x0000, 0x0000, 0x0000, 0x0000, 0x0000, 0x0000, 0x0000, 0x0000, 0x0000, 0x0000, 0x0000, 0x0000, 0x0000, 0x0000,
  0x0000, 0x0000, 0xFFFF, 0xFFFF, 0x0000, 0x0000, 0x0000, 0x0000, 0x0000, 0x0000, 0x0000, 0x0000, 0x0000, 0x0000, 0x0000, 0x0000,
  0x0000, 0x0000, 0x0000, 0x0000, 0x0000, 0x0000, 0x0000, 0x0000, 0x0000, 0x0000, 0x0000, 0x0000, 0x0000, 0x0000, 0x0000, 0x0000,
  0x0000, 0x0000, 0x0000, 0x0000, 0x0000, 0x0000, 0x0000, 0x0000, 0x0000, 0x0000, 0x0000, 0xFFFF, 0x0000, 0xF79D, 0xF79D, 0xF79D,
  0xF79D, 0xF79D, 0xF79E, 0xDEFB, 0x0000, 0x0000, 0x0000, 0x0000, 0x0000, 0x0000, 0x0000, 0x0000, 0x0000, 0x0000, 0x0000, 0x0000,
  0x0000, 0x0000, 0x0000, 0x0000, 0x0000, 0x0000, 0x0000, 0xF800, 0xFBC6, 0xF385, 0xF385, 0xF385, 0xF385, 0xFB86, 0xF385, 0xF385,
  0xF385, 0xF385, 0xF385, 0xFB86, 0xF386, 0xF385, 0xFB86, 0xF386, 0xF385, 0xF385, 0xF365, 0x0000, 0xF800, 0x0000, 0x0000, 0x0000,
  0x0000, 0x0000, 0x0000, 0x0000, 0x0000, 0x0000, 0x0000, 0x0000, 0x0000, 0x0000, 0x0000, 0x0000, 0x0000, 0x0000, 0x0000, 0x0000,
  0x0000, 0xFFE0, 0x0000, 0x0000, 0x0000, 0x0000, 0x0000, 0x0000, 0x0000, 0x0000, 0x0000, 0x0000, 0x0000, 0x0000, 0x0000, 0x0000,
  0x0000, 0x0000, 0x0000, 0x0000, 0x0000, 0x0000, 0x0000, 0x0000, 0x0000, 0x0000, 0x0000, 0x0000, 0x0000, 0x0000, 0x0000, 0x0000,
  0x0000, 0x0000, 0x0000, 0xFFFF, 0xFFFF, 0xFFFF, 0xFFFF, 0xF79E, 0xF79E, 0xF79E, 0xF79D, 0xF79D, 0xF79D, 0xF79D, 0xFFFF, 0xFFFF,
  0xFFFF, 0xFFFF, 0x0000, 0x0000, 0x0000, 0x0000, 0x0000, 0x0000, 0x0000, 0x0000, 0x0000, 0x0000, 0x0000, 0x0000, 0x0000, 0x0000,
  0x0000, 0x0000, 0x0000, 0x0000, 0x0000, 0x0000, 0x0000, 0x0000, 0x0000, 0x0000, 0x0000, 0x0000, 0x0000, 0x0000, 0x0000, 0x0000,
  0x0000, 0x0000, 0x0000, 0x0000, 0x0000, 0x0000, 0x0000, 0x0000, 0x0000, 0x0000, 0x0000, 0x0000, 0x0000, 0x0000, 0x0000, 0x0000,
  0x0000, 0x0000, 0x0000, 0x0000, 0x0000, 0x0000, 0x0000, 0x0000, 0x0000, 0x0000, 0x0000, 0x0000, 0x0000, 0x0000, 0x0000, 0x0000,
  0x0000, 0x0000, 0x0000, 0x0000, 0x0000, 0x0000, 0x0000, 0x0000, 0x0000, 0x0000, 0x0000, 0x0000, 0x0000, 0x0000, 0x0000, 0x0000,
  0x0000, 0x0000, 0x0000, 0x0000, 0x0000, 0x0000, 0x0000, 0x0000, 0x0000, 0x0000, 0x0000, 0x0000, 0x0000, 0x0000, 0x0000, 0x0000,
  0xFFFF, 0x0000, 0x0000, 0x0000, 0x0000, 0xFFFF, 0xFFFF, 0xFFFF, 0xFFFF, 0xFFFF, 0xFFFF, 0x0000, 0x0000, 0x0000, 0x0000, 0x0000,
  0x0000, 0x0000, 0x0000, 0x0000, 0x0000, 0x0000, 0x0000, 0x0000, 0x0000, 0x0000, 0x0000, 0x0000, 0x0000, 0x0000, 0x0000, 0x0000,
  0x0000, 0x0000, 0x0000, 0x0000, 0x0000, 0x0000, 0x0000, 0x0000, 0x0000, 0x0000, 0x0000, 0x0000, 0x0000, 0x0000, 0x0000, 0xFFFF,
  0x0000, 0xF79D, 0xF79D, 0xF79D, 0xF79D, 0xF79E, 0xFFBE, 0xE73B, 0xFFFF, 0x0000, 0x0000, 0x0000, 0x0000, 0x0000, 0x0000, 0x0000,
  0x0000, 0x0000, 0x0000, 0x0000, 0x0000, 0x0000, 0x0000, 0x0000, 0x0000, 0xF800, 0xF3A6, 0xF385, 0xF385, 0xF365, 0xF365, 0xF385,
  0xFB85, 0xF385, 0xF385, 0xF385, 0xF386, 0xF386, 0xF386, 0xF386, 0xF385, 0xF385, 0xF385, 0xF385, 0xFB85, 0x0000, 0x0000, 0x0000,
  0x0000, 0x0000, 0x0000, 0x0000, 0x0000, 0x0000, 0x0000, 0x0000, 0x0000, 0x0000, 0x0000, 0x0000, 0x0000, 0x0000, 0x0000, 0x0000,
  0x0000, 0x0000, 0x0000, 0x0000, 0x0000, 0x0000, 0x0000, 0x0000, 0x0000, 0x0000, 0x0000, 0x0000, 0x0000, 0x0000, 0x0000, 0x0000,
  0x0000, 0x0000, 0x0000, 0x0000, 0xFFFF, 0x0000, 0xFFFF, 0xFD55, 0xFFFF, 0xFFEF, 0xAFFF, 0xFFFF, 0xFFF9, 0x001F, 0x0000, 0x0000,
  0x0000, 0x0000, 0xF800, 0xFFFF, 0xFFFF, 0xFFFF, 0xFFFF, 0xFFFF, 0xFFFF, 0xFFFF, 0xFFFF, 0xF79E, 0xF79E, 0xF79D, 0xF79E, 0xF79D,
  0xF79D, 0xF79D, 0xFFFF, 0xFFFF, 0xFFFF, 0xFFFF, 0xFFFF, 0x0000, 0xEF5D, 0xD75D, 0x0000, 0xFFFF, 0xFFFF, 0xFFFF, 0x0000, 0x0000,
  0x0000, 0x0000, 0x0000, 0x0000, 0x0000, 0x0000, 0x0000, 0x0000, 0x0000, 0x0000, 0x0000, 0x0000, 0x0000, 0x0000, 0x0000, 0x0000,
  0x0000, 0xFFFF, 0xFFFF, 0xDEDB, 0xEF3C, 0xEF3C, 0xEF3C, 0xDEFB, 0xBDD7, 0x0000, 0xFFFF, 0xFFFF, 0x0000, 0x0000, 0x0000, 0x0000,
  0x0000, 0x0000, 0x0000, 0x0000, 0x0000, 0x0000, 0x0000, 0x0000, 0x0000, 0x0000, 0x0000, 0x0000, 0x0000, 0x0000, 0x0000, 0x0000,
  0xFFFF, 0xCE79, 0xFFFF, 0xFFFF, 0xCE79, 0xBDF7, 0xFFFF, 0xFDF7, 0xFFFF, 0x0000, 0x0000, 0x0000, 0x0000, 0x0000, 0x0000, 0x0000,
  0x0000, 0x0000, 0x0000, 0x0000, 0x0000, 0x0000, 0x0000, 0x0000, 0x0000, 0x0000, 0x0000, 0x0000, 0x0000, 0xFFFF, 0xFFFF, 0xFFF7,
  0xDEDB, 0xDEDB, 0xE6FA, 0x0000, 0xDEDB, 0xFFFF, 0xFFFF, 0xFFFF, 0xFFFF, 0xFFFF, 0x0000, 0xFFFF, 0xFFFF, 0xD6BA, 0xFFFF, 0x0000,
  0x0000, 0xFFFF, 0x0000, 0x0000, 0x0000, 0x0000, 0x0000, 0x0000, 0x0000, 0x0000, 0x0000, 0x0000, 0x0000, 0x0000, 0xFFFF, 0xFFFF,
  0x0000, 0xDEDA, 0xDEFB, 0xE6FB, 0xDEDB, 0xFFFF, 0xD6B5, 0xFFFF, 0x0000, 0xFFFF, 0x0000, 0x0000, 0x0000, 0x0000, 0x0000, 0x0000,
  0x0000, 0x0000, 0x0000, 0xFFFF, 0x0000, 0xF79D, 0xF79D, 0xF79D, 0xF79E, 0xF79E, 0xF7BE, 0xEF3C, 0x0000, 0x7BFF, 0x7BFF, 0xFFFF,
  0x07FF, 0x0000, 0x0000, 0xFFFF, 0x0000, 0x0000, 0x0000, 0x0000, 0x0000, 0x0000, 0x0000, 0x0000, 0x0000, 0xF366, 0xF385, 0xF385,
  0xF386, 0xF386, 0xF366, 0xF385, 0xF385, 0xF385, 0xF385, 0xF386, 0xF385, 0xF386, 0xF386, 0xFB86, 0xF385, 0xF385, 0xF386, 0x0000,
  0xF800, 0x0000, 0x0000, 0x0000, 0x0000, 0x0000, 0x0000, 0x0000, 0x0000, 0x0000, 0x0000, 0x0000, 0x0000, 0xF800, 0xF800, 0x0000,
  0x0000, 0x0000, 0x0000, 0x0000, 0x0000, 0x0000, 0x0000, 0x0000, 0x0000, 0x0000, 0x0000, 0x0000, 0x0000, 0x0000, 0x0000, 0x0000,
  0x0000, 0x0000, 0x0000, 0x0000, 0x0000, 0x0000, 0x0000, 0xFFFF, 0xFFFF, 0xFFFF, 0xF75C, 0xFFBE, 0xF79D, 0xF79D, 0xF79D, 0xF79D,
  0xF79D, 0xF79D, 0xF79D, 0xF79D, 0xF79D, 0xF79D, 0xF79D, 0xF79D, 0xF79D, 0xF79D, 0xCDD9, 0xFFFF, 0xFFFF, 0xFFFF, 0xFFFF, 0xF7BE,
  0xF79E, 0xF79D, 0xF79E, 0xF79D, 0xF79D, 0xF79D, 0xFFFF, 0x0000, 0x0000, 0xFFFF, 0xF7BE, 0xF79D, 0xF79E, 0xF79D, 0xF79D, 0xF79D,
  0xFF9E, 0xE71B, 0xFFFF, 0x0000, 0x0000, 0x0000, 0x0000, 0x0000, 0x0000, 0x0000, 0x0000, 0x0000, 0x0000, 0x0000, 0x0000, 0x0000,
  0x0000, 0x0000, 0xFFFF, 0xFFFF, 0xDEFB, 0xFFBE, 0xF79D, 0xF79D, 0xF79D, 0xF79E, 0xF79E, 0xF79D, 0xF79D, 0xF79D, 0xF79E, 0xE73C,
  0xFFFF, 0x0000, 0x0000, 0x0000, 0x0000, 0x0000, 0x0000, 0x0000, 0x0000, 0x0000, 0x0000, 0x0000, 0x0000, 0x0000, 0x0000, 0x0000,
  0x0000, 0x0000, 0xFFF7, 0x0000, 0xFFDF, 0xF79E, 0xF79E, 0xF79D, 0xF79D, 0xF79D, 0xF79D, 0xF79D, 0xFFDF, 0xD6B9, 0xFFFF, 0x0000,
  0x0000, 0x0000, 0x0000, 0x0000, 0x0000, 0x0000, 0x0000, 0x0000, 0x0000, 0x0000, 0x0000, 0x0000, 0x0000, 0x0000, 0x0000, 0xFFFF,
  0xDEFA, 0xFFDF, 0xF79D, 0xF79D, 0xF79D, 0xF79E, 0xF79E, 0xF79D, 0xF79D, 0xFFDF, 0xD6BA, 0xFD55, 0xFFFF, 0xFFFF, 0x0000, 0xF77D,
  0xF79D, 0xF79D, 0xF79E, 0xF79D, 0xF77D, 0xDEDA, 0xFFFF, 0x0000, 0xFFFF, 0xFFFF, 0x0000, 0x0000, 0x0000, 0x0000, 0x0000, 0x0000,
  0xFFFF, 0xEF1C, 0xFFDF, 0xF79D, 0xF79D, 0xF79D, 0xF79D, 0xF79D, 0xF79D, 0xF79D, 0xF79D, 0xFFDE, 0xBCF3, 0xCE79, 0x0000, 0x0000,
  0x0000, 0x0000, 0x0000, 0x0000, 0x0000, 0x0000, 0x0000, 0xFFFF, 0x0000, 0xF79D, 0xF79D, 0xF79D, 0xF79E, 0xF79D, 0xF79D, 0xF79D,
  0xF79D, 0xF79D, 0xF79D, 0xF79D, 0xF79E, 0xF7BE, 0xF79D, 0x9CD3, 0x0000, 0x0000, 0x0000, 0x0000, 0x0000, 0x0000, 0x0000, 0x0000,
  0xCB20, 0xF365, 0xF385, 0xF385, 0xF386, 0xF385, 0xF365, 0xF365, 0xF385, 0xF385, 0xF385, 0xF385, 0xF386, 0xF385, 0xF385, 0xF385,
  0xFB86, 0x0000, 0x0000, 0x0000, 0x0000, 0x0000, 0x0000, 0x0000, 0x0000, 0x0000, 0x0000, 0x0000, 0x0000, 0xFAAA, 0xFB65, 0xFB85,
  0xFBA6, 0xFBA6, 0xFBC6, 0xFBC6, 0xF3A6, 0x0000, 0xF800, 0x0000, 0x0000, 0x0000, 0x0000, 0x0000, 0x0000, 0x0000, 0x0000, 0x0000,
  0x0000, 0x0000, 0x0000, 0x0000, 0x0000, 0x0000, 0x0000, 0x0000, 0x0000, 0x0000, 0xFFFF, 0xFD55, 0xFF9D, 0xF79D, 0xF79D, 0xF79D,
  0xF79D, 0xF79D, 0xF79D, 0xF79D, 0xF79D, 0xF79D, 0xF79D, 0xF79D, 0xF79E, 0xF79D, 0xF79D, 0xF79D, 0xF79D, 0xF79D, 0xD697, 0xFFFF,
  0xFFFF, 0xFFFF, 0xFFFF, 0xF7BE, 0xF79E, 0xF79D, 0xF79E, 0xF79D, 0xF79D, 0xF79E, 0xFFFF, 0xF7BE, 0xF79D, 0xF79E, 0xF79E, 0xF79E,
  0xF79D, 0xF79D, 0xF79D, 0xF79D, 0xF79D, 0xF79D, 0xF77D, 0xC61A, 0x0000, 0x0000, 0x0000, 0x0000, 0x0000, 0x0000, 0x0000, 0x0000,
  0x0000, 0x0000, 0x0000, 0x0000, 0x0000, 0xFFFF, 0xE71B, 0xF79D, 0xF79D, 0xF79D, 0xF79D, 0xF79D, 0xF79D, 0xF79D, 0xF79D, 0xF79D,
  0xF79D, 0xF79D, 0xF79D, 0xF79D, 0xF79D, 0xF77D, 0xFE79, 0x0000, 0x0000, 0x0000, 0x0000, 0x0000, 0x0000, 0x0000, 0x0000, 0x0000,
  0x0000, 0x0000, 0x0000, 0x0000, 0xFFFF, 0x0000, 0xFFBE, 0xF79D, 0xF79D, 0xF79D, 0xF79D, 0xF79E, 0xF79D, 0xF79D, 0xF79D, 0xF79D,
  0xF79D, 0xF79E, 0xF79E, 0x0000, 0x0000, 0x0000, 0x0000, 0x0000, 0x0000, 0x0000, 0x0000, 0x0000, 0x0000, 0x0000, 0x0000, 0x0000,
  0x0000, 0x0000, 0xDEDA, 0xF79D, 0xF79E, 0xF79E, 0xF79D, 0xF79E, 0xF79D, 0xF79D, 0xF79D, 0xF79D, 0xF79D, 0xF79D, 0xF79E, 0xFFDE,
  0x0000, 0xFFFF, 0x0000, 0xF79D, 0xF79D, 0xF79E, 0xF79E, 0xF79D, 0xF79D, 0xE6FB, 0xFFFF, 0xFFFF, 0xFFFF, 0xFFFF, 0x0000, 0x0000,
  0x0000, 0x0000, 0xFFFF, 0xEF3C, 0xF79E, 0xF79E, 0xF79D, 0xF79D, 0xF79D, 0xF79D, 0xF79D, 0xF79D, 0xF79D, 0xF79D, 0xF79D, 0xF79D,
  0xF79D, 0xFFBE, 0x0000, 0x0000, 0x0000, 0x0000, 0x0000, 0x0000, 0x0000, 0x0000, 0x0000, 0xFFFF, 0x0000, 0xF79D, 0xF79D, 0xF79D,
  0xF79E, 0xF79D, 0xF79D, 0xF79D, 0xF79D, 0xF79D, 0xF79E, 0xF79E, 0xF79E, 0xF79D, 0xF79D, 0xBDF7, 0x0000, 0x0000, 0x0000, 0x0000,
  0x0000, 0x0000, 0x0000, 0x0000, 0xFB26, 0xF365, 0xF365, 0xF365, 0xF365, 0xF365, 0xF365, 0xF385, 0xF385, 0xF385, 0xF385, 0xF385,
  0xF385, 0xF365, 0xFBA6, 0x0000, 0xF800, 0x0000, 0x0000, 0x0000, 0x0000, 0x0000, 0x0000, 0x0000, 0x0000, 0x0000, 0xF800, 0x0000,
  0xFBA6, 0xF386, 0xF385, 0xFB85, 0xF385, 0xFB85, 0xFB86, 0xFB86, 0xF386, 0xF386, 0xFBA6, 0xDBE7, 0xF800, 0x0000, 0x0000, 0x0000,
  0x0000, 0x0000, 0x0000, 0x0000, 0x0000, 0x0000, 0x0000, 0x0000, 0x0000, 0x0000, 0x0000, 0x0000, 0x0000, 0x0000, 0xFFEF, 0xFFDE,
  0xF79E, 0xF79E, 0xF79D, 0xF79D, 0xF79E, 0xF79D, 0xF79D, 0xF79D, 0xF79E, 0xF79D, 0xF79D, 0xF79D, 0xF79D, 0xF79D, 0xF79D, 0xF79D,
  0xF79D, 0xF79D, 0xD69A, 0xFFFF, 0xFFFF, 0xFFFF, 0xFFFF, 0xFFBE, 0xF79E, 0xF79E, 0xF79D, 0xF79D, 0xF79E, 0xF79D, 0xFFFF, 0xF79E,
  0xF79E, 0xF79D, 0xF79D, 0xF79D, 0xF79D, 0xF79D, 0xF79D, 0xF79D, 0xF79D, 0xF79D, 0xF79D, 0xF79E, 0xFFBE, 0xFFFF, 0x0000, 0x0000,
  0x0000, 0x0000, 0x0000, 0x0000, 0x0000, 0x0000, 0xFFFF, 0xFFFF, 0xFFFF, 0xFFDF, 0xF79E, 0xF79D, 0xF79D, 0xF79E, 0xF79E, 0xF79D,
  0xF79D, 0xF79D, 0xF79D, 0xF79D, 0xF79D, 0xF79D, 0xF79D, 0xF79E, 0xF79E, 0xF79D, 0xFFBE, 0x0000, 0x0000, 0x0000, 0x0000, 0x0000,
  0x0000, 0x0000, 0x0000, 0x0000, 0x0000, 0x0000, 0x0000, 0xFFFF, 0xFFBE, 0xF79E, 0xF79E, 0xF79D, 0xF79D, 0xF79D, 0xF79D, 0xF79D,
  0xF79D, 0xF79D, 0xF79D, 0xF79D, 0xF79D, 0xF79E, 0xF79D, 0xF79D, 0xF7BE, 0xFFFF, 0x0000, 0x0000, 0x0000, 0x0000, 0x0000, 0x0000,
  0x0000, 0x0000, 0x0000, 0x0000, 0xFFFF, 0xFFDE, 0xF79D, 0xF79D, 0xF79D, 0xF79D, 0xF79D, 0xF79D, 0xF79D, 0xF79D, 0xF79D, 0xF79D,
  0xF79E, 0xF79D, 0xF79D, 0xF79D, 0xF79E, 0xF79E, 0x0000, 0xF79D, 0xF79D, 0xF79D, 0xF79D, 0xF79D, 0xF79E, 0xE6FB, 0xFFFF, 0x0000,
  0x0000, 0x0000, 0x0000, 0x0000, 0x0000, 0xFFFF, 0xFFDE, 0xF79D, 0xF79D, 0xF79D, 0xF79D, 0xF79D, 0xF79D, 0xF79D, 0xF79D, 0xF79D,
  0xF79D, 0xF79D, 0xF79D, 0xF79D, 0xF79E, 0xF79D, 0xF79D, 0xF7BE, 0xFFFF, 0x0000, 0x0000, 0x0000, 0x0000, 0x0000, 0xFFFF, 0xFFFF,
  0x0000, 0xF79D, 0xF79D, 0xF79D, 0xF79D, 0xF79D, 0xF79D, 0xF79D, 0xF79E, 0xF79D, 0xF79E, 0xF79E, 0xF79E, 0xF79D, 0xF79D, 0xBDF7,
  0x0000, 0x0000, 0x0000, 0x0000, 0x0000, 0x0000, 0x0000, 0x0000, 0xFBE0, 0xF365, 0xF365, 0xF365, 0xF365, 0xF366, 0xF386, 0xFB86,
  0xF386, 0xF386, 0xF386, 0xF385, 0xFBA5, 0x0000, 0x0000, 0x0000, 0x0000, 0x0000, 0x0000, 0x0000, 0x0000, 0x0000, 0x0000, 0x0000,
  0x0000, 0x0000, 0xFBC6, 0xFB85, 0xF385, 0xFB85, 0xF385, 0xF385, 0xF385, 0xFB86, 0xFB86, 0xFB86, 0xFB86, 0xF385, 0xF385, 0xF385,
  0xFBC6, 0xFAAA, 0x0000, 0x0000, 0x0000, 0x0000, 0x0000, 0x0000, 0x0000, 0x0000, 0x0000, 0x0000, 0x0000, 0x0000, 0x0000, 0x0000,
  0x0000, 0xFFFF, 0xEEFA, 0xF79E, 0xF79D, 0xF79E, 0xF79E, 0xF79D, 0xF79D, 0xF79E, 0xF79D, 0xF79E, 0xF79E, 0xF79D, 0xF79D, 0xF79D,
  0xF79D, 0xF79D, 0xF79D, 0xF79D, 0xF79D, 0xF79D, 0xD75A, 0xFFFF, 0xFFFF, 0xFFFF, 0xFFFF, 0xF79E, 0xF79D, 0xF79D, 0xF79D, 0xF79D,
  0xF79E, 0xF79D, 0xF79E, 0xF79E, 0xF79E, 0xF7BD, 0xF79E, 0xF79D, 0xF79D, 0xF79D, 0xF79D, 0xF79D, 0xF79D, 0xF79D, 0xF79D, 0xF79E,
  0xF7BE, 0xF7BE, 0x0000, 0x0000, 0x0000, 0x0000, 0x0000, 0x0000, 0x0000, 0x0000, 0xFFFF, 0xAD55, 0xF79D, 0xF79D, 0xF79D, 0xF79D,
  0xF79D, 0xF79D, 0xF79D, 0xF79D, 0xF79D, 0xF79D, 0xF79D, 0xF79D, 0xF79D, 0xF79D, 0xF79D, 0xF79E, 0xF79E, 0xF79D, 0xF79D, 0xF79D,
  0xDE56, 0x0000, 0x0000, 0x0000, 0x0000, 0x0000, 0x0000, 0x0000, 0x0000, 0x0000, 0xFFFF, 0xFFBE, 0xF79E, 0xF79D, 0xF79D, 0xF79D,
  0xF79D, 0xF79D, 0xF79D, 0xF79D, 0xF79D, 0xF79D, 0xF79D, 0xF79E, 0xF79E, 0xF79E, 0xF79D, 0xF79D, 0xF79D, 0xFFFF, 0xFFF9, 0x0000,
  0x0000, 0x0000, 0x0000, 0x0000, 0x0000, 0x0000, 0x0000, 0xFFFF, 0xFFFF, 0xF79D, 0xF79D, 0xF79D, 0xF79D, 0xF79D, 0xF79D, 0xF79D,
  0xF79E, 0xF79E, 0xF79D, 0xF79D, 0xF79E, 0xF79D, 0xF79D, 0xF79E, 0xF79E, 0xFFBE, 0xF79E, 0xF79D, 0xF79D, 0xF79D, 0xF79D, 0xF79D,
  0xF79E, 0xEF1C, 0x0000, 0x0000, 0x0000, 0x0000, 0x0000, 0xFFFF, 0x0000, 0xF77D, 0xF79D, 0xF79D, 0xF79D, 0xF79D, 0xF79D, 0xF79D,
  0xF79D, 0xF79D, 0xF79D, 0xF79E, 0xF79D, 0xF79D, 0xF79E, 0xF79E, 0xF79E, 0xF79D, 0xF79D, 0xF79D, 0xFFDE, 0xFFFF, 0xFFFF, 0x0000,
  0x0000, 0x0000, 0xFFFF, 0xFFFF, 0x0000, 0xF79D, 0xF79D, 0xF79D, 0xF79D, 0xF79D, 0xF79D, 0xF79E, 0xF79E, 0xF79D, 0xF79E, 0xF79E,
  0xF79D, 0xF79D, 0xF79E, 0xD6B5, 0x0000, 0x0000, 0x0000, 0x0000, 0x0000, 0x0000, 0x0000, 0x0000, 0x0000, 0xF3A6, 0xF365, 0xF365,
  0xF366, 0xF386, 0xF386, 0xF386, 0xF386, 0xF385, 0xFBC6, 0xFB26, 0xF800, 0x0000, 0x0000, 0x0000, 0x0000, 0x0000, 0x0000, 0x0000,
  0x0000, 0x0000, 0xF800, 0x0000, 0xFBA6, 0xFB85, 0xFB85, 0xFB86, 0xFB86, 0xFB86, 0xF386, 0xF386, 0xF386, 0xFB86, 0xF386, 0xFB86,
  0xF386, 0xFB86, 0xF386, 0xF386, 0xF386, 0xFBC6, 0xFBEA, 0xFFE0, 0x0000, 0x0000, 0x0000, 0x0000, 0x0000, 0x0000, 0x0000, 0x0000,
  0x0000, 0x0000, 0x0000, 0x0000, 0x0000, 0x0000, 0xF77D, 0xF79D, 0xF79D, 0xF79D, 0xF79D, 0xF79D, 0xF79D, 0xF79D, 0xF79D, 0xF79D,
  0xF79D, 0xF79D, 0xF79D, 0xF79D, 0xF79D, 0xF79D, 0xF79D, 0xF79D, 0xF79D, 0xF79D, 0xE5D7, 0xFFFF, 0xFFFF, 0xFFFF, 0xFFFF, 0xFFBE,
  0xF79E, 0xF79D, 0xF79E, 0xF79E, 0xF79D, 0xF79E, 0xF79D, 0xF79D, 0xF79D, 0xF79D, 0xF79D, 0xF79D, 0xF79E, 0xF79E, 0xF79D, 0xF79D,
  0xF79E, 0xF79D, 0xF79D, 0xF79D, 0xF79E, 0xF79D, 0xEF3B, 0xFFFF, 0x0000, 0x0000, 0x0000, 0x0000, 0x0000, 0x0000, 0xFFFF, 0xF79E,
  0xF79D, 0xF79D, 0xF79D, 0xF79D, 0xF79D, 0xF79D, 0xF79D, 0xF79D, 0xF79D, 0xF79D, 0xF79E, 0xF79E, 0xF79D, 0xF79E, 0xF79D, 0xF79E,
  0xF79E, 0xF79D, 0xF79D, 0xF79D, 0xF79D, 0xD5D7, 0x0000, 0x0000, 0x0000, 0x0000, 0x0000, 0x0000, 0x0000, 0xFFFF, 0xF79E, 0xF79D,
  0xF79D, 0xF79D, 0xF79D, 0xF79D, 0xF79D, 0xF79E, 0xF79D, 0xF79D, 0xF79D, 0xF79D, 0xF79E, 0xF79E, 0xF79E, 0xF79D, 0xF79D, 0xF79D,
  0xF79D, 0xFF9D, 0xF79E, 0xFFFF, 0x0000, 0x0000, 0x0000, 0x0000, 0x0000, 0x0000, 0xFFFF, 0xFFDF, 0xF79D, 0xF79D, 0xF79D, 0xF79D,
  0xF79D, 0xF79D, 0xF79D, 0xF79D, 0xF79D, 0xF79E, 0xF79E, 0xF79E, 0xF79E, 0xF79E, 0xF79D, 0xF79E, 0xF79D, 0xF79E, 0xF79D, 0xF79D,
  0xF79D, 0xF79D, 0xF79E, 0xF79D, 0xF79E, 0xE75C, 0x0000, 0x0000, 0x0000, 0x0000, 0x0000, 0x0000, 0xF79D, 0xF79D, 0xF79D, 0xF79D,
  0xF79D, 0xF79D, 0xF79D, 0xF79D, 0xF79D, 0xF79D, 0xF79D, 0xF79E, 0xF79E, 0xF79E, 0xF79D, 0xF79D, 0xF79D, 0xF79D, 0xF79D, 0xF79D,
  0xF79D, 0xFFFF, 0xFFFF, 0x0000, 0x0000, 0xFFFF, 0xFFFF, 0xFFFF, 0x0000, 0xF79D, 0xF79D, 0xF79D, 0xF79D, 0xF79D, 0xF79D, 0xF79D,
  0xF79D, 0xF79D, 0xF79D, 0xF79D, 0xF79E, 0xF7BE, 0xF7BE, 0xD54F, 0x0000, 0x0000, 0x0000, 0x0000, 0x0000, 0x0000, 0x0000, 0x0000,
  0x0000, 0xFBE0, 0xFB86, 0xF365, 0xF365, 0xF365, 0xF386, 0xFB85, 0xFBE6, 0xFB85, 0xF800, 0x0000, 0x0000, 0x0000, 0x0000, 0x0000,
  0x0000, 0x0000, 0x0000, 0x0000, 0x0000, 0x0000, 0xFBA6, 0xFB86, 0xFB85, 0xFB85, 0xFB85, 0xFB86, 0xFB86, 0xFB86, 0xF386, 0xF386,
  0xFB86, 0xFB86, 0xF386, 0xF386, 0xFB86, 0xFB86, 0xF386, 0xF386, 0xF386, 0xFBA6, 0xFBC7, 0xFDE7, 0x0000, 0x0000, 0x0000, 0x0000,
  0x0000, 0x0000, 0x0000, 0x0000, 0x0000, 0x0000, 0x0000, 0x0000, 0x0000, 0xEEB8, 0xF79D, 0xF79D, 0xF79D, 0xF79D, 0xF79D, 0xF79D,
  0xF79E, 0xF79D, 0xFFFF, 0xFFFF, 0xFFFF, 0xFFFF, 0xFFDF, 0xFFDF, 0xFFDF, 0xFFFF, 0xFFDF, 0xFFDF, 0xFFDE, 0xFFDF, 0xD6BA, 0xFFFF,
  0xFFFF, 0xFFFF, 0xFFFF, 0xFFBE, 0xF79D, 0xF79D, 0xF79D, 0xF79D, 0xF79D, 0xF79D, 0xF79D, 0xF79D, 0xF79D, 0xF79D, 0xF7BE, 0xF79D,
  0xF79D, 0xF79D, 0xF79E, 0xF79D, 0xF79D, 0xF79D, 0xF79D, 0xF79D, 0xF79D, 0xF79D, 0xFFBE, 0xFFFF, 0x0000, 0xFFFF, 0x0000, 0x0000,
  0x0000, 0xFFFF, 0xFFDE, 0xF79D, 0xF79D, 0xF79D, 0xF79D, 0xF79D, 0xF79D, 0xF79D, 0xF79D, 0xF7BE, 0xF79E, 0xF7BE, 0xF79E, 0xFFFF,
  0xF79D, 0xF79E, 0xF79D, 0xF79D, 0xF79D, 0xF79D, 0xF79D, 0xF79E, 0xF79D, 0xFFBE, 0xFFFF, 0x0000, 0x0000, 0x0000, 0x0000, 0x0000,
  0x0000, 0xF79C, 0xF79E, 0xF79D, 0xF79D, 0xF79D, 0xF79E, 0xF79E, 0xF79D, 0xF79D, 0xF7BE, 0xF77D, 0xF79D, 0xF77D, 0xF79E, 0xF79D,
  0xF79D, 0xF79D, 0xF79D, 0xF79D, 0xF79D, 0xF79D, 0xF79D, 0x0000, 0xFFFF, 0xFFFF, 0x0000, 0x0000, 0x0000, 0xFFFF, 0xF79D, 0xF79D,
  0xF79D, 0xF79D, 0xF79D, 0xF79D, 0xF79D, 0xF79D, 0xF79E, 0xF79E, 0xFFDE, 0xF7BE, 0xFFBE, 0xFFDE, 0xFFBE, 0xF79E, 0xF79E, 0xF79D,
  0xF79D, 0xF79D, 0xF79D, 0xF79D, 0xF79D, 0xF79D, 0xF79D, 0xF79E, 0xF79D, 0xEF3C, 0x0000, 0x0000, 0x0000, 0x0000, 0xFFFF, 0xFFBE,
  0xF79D, 0xF79D, 0xF79D, 0xF79D, 0xF79D, 0xF79D, 0xF79E, 0xF79D, 0xFFDF, 0xFFBE, 0xFFBE, 0xF7BE, 0xFFDE, 0xF79D, 0xF7BE, 0xF79D,
  0xF79D, 0xF79D, 0xF79D, 0xF79D, 0xF79D, 0xF79E, 0xF7BE, 0xFFFF, 0xFFFF, 0xFFFF, 0xFFFF, 0xFFFF, 0x0000, 0xF79D, 0xF79D, 0xF79D,
  0xF79D, 0xF79D, 0xF79D, 0xFFDE, 0xFFFF, 0xFFFF, 0xFFFF, 0xFFDF, 0xFFDF, 0xFFDF, 0xFFDF, 0xBBEF, 0x0000, 0x0000, 0x0000, 0x0000,
  0x0000, 0x0000, 0x0000, 0x0000, 0x0000, 0x0000, 0x0000, 0xF365, 0xFB85, 0xF385, 0xFBC6, 0xEB04, 0xFBEF, 0x0000, 0x0000, 0x0000,
  0x0000, 0x0000, 0x0000, 0x0000, 0x0000, 0x0000, 0x0000, 0xFFE0, 0xFBC6, 0xF385, 0xF385, 0xF385, 0xFB85, 0xFB85, 0xFB86, 0xFB86,
  0xFB86, 0xFB86, 0xFB86, 0xFB86, 0xFB86, 0xFB86, 0xF386, 0xFB86, 0xF386, 0xF386, 0xFB86, 0xFB86, 0xF386, 0xF3A6, 0xFBA6, 0xF3C7,
  0x0000, 0x0000, 0x0000, 0x0000, 0x0000, 0x0000, 0x0000, 0x0000, 0x0000, 0x0000, 0x0000, 0x0000, 0x0000, 0xF75C, 0xF79D, 0xF79D,
  0xF79D, 0xF79D, 0xF79D, 0xF79E, 0xFFBE, 0x0000, 0xFFFF, 0xCE79, 0xFFFF, 0xFFFF, 0xFFFF, 0xFFFF, 0xFFFF, 0xFFFF, 0xFFFF, 0xFFFF,
  0xFFFF, 0xFFFF, 0xFFFF, 0xFFFF, 0xFFFF, 0xFFFF, 0xFFFF, 0xF7BE, 0xF79D, 0xF79D, 0xF79D, 0xF79D, 0xF79D, 0xF79D, 0xF79D, 0xF79D,
  0xF79D, 0xFFBE, 0xFFFB, 0x0000, 0x0000, 0x0000, 0xF79D, 0xF79E, 0xF79D, 0xF79D, 0xF79D, 0xF79D, 0xF79D, 0xF79D, 0xF79D, 0xEF5D,
  0x0000, 0xFFFF, 0xFFFF, 0xFFFF, 0xFFFF, 0xFFBE, 0xF79E, 0xF79D, 0xF79D, 0xF79D, 0xF79D, 0xF79D, 0xF79D, 0xF79D, 0xEF7D, 0xFFFF,
  0xFFFF, 0xFFFF, 0xFFFF, 0xFFFF, 0x0000, 0xF79D, 0xFFBE, 0xF79D, 0xF79D, 0xF79D, 0xF79D, 0xF79E, 0xF79D, 0xF79D, 0xFFBE, 0x0000,
  0x0000, 0x0000, 0x0000, 0x0000, 0xFFFF, 0xFFBE, 0xF79D, 0xF79D, 0xF79D, 0xF79D, 0xF79D, 0xF79D, 0xF79D, 0xFFFF, 0xF77D, 0x0000,
  0x0000, 0x0000, 0xF75D, 0xFFFF, 0xF79D, 0xF79D, 0xF79D, 0xF79D, 0xF79D, 0xF79D, 0xF79E, 0xFFFF, 0xFFFF, 0xFFFF, 0xFFFF, 0x0000,
  0x0000, 0x0000, 0xF79D, 0xF79D, 0xF79D, 0xF79D, 0xF79E, 0xF79D, 0xF79D, 0xFF9E, 0xFFDE, 0xFBEF, 0xFFFF, 0xFFFF, 0xFFFF, 0xFFFF,
  0xFFFF, 0xE73C, 0xFFFF, 0xF7BE, 0xF79D, 0xF79D, 0xF79E, 0xF79D, 0xF79E, 0xF79E, 0xF79E, 0xF79E, 0xF79D, 0xEF5C, 0xFFFF, 0x0000,
  0x0000, 0x0000, 0xFFBE, 0xF79D, 0xF79D, 0xF79D, 0xF79D, 0xF79D, 0xF79D, 0xF79E, 0xFFFF, 0xFFFF, 0xFFFF, 0xFFFF, 0xFFFF, 0xFFFF,
  0xFFFF, 0x0000, 0xFFBE, 0xFFBE, 0xF79D, 0xF79D, 0xF79D, 0xF79D, 0xF79D, 0xF79D, 0xF79D, 0xE71A, 0xFFFF, 0xFFFF, 0xFFFF, 0xFFFF,
  0x0000, 0xF79D, 0xF79D, 0xF79D, 0xF79D, 0xF79E, 0xF79E, 0xEF7D, 0xFFFF, 0xFFFF, 0xFFFF, 0xFD55, 0xFFFF, 0xFFFF, 0xBDF7, 0x0000,
  0x0000, 0x0000, 0x0000, 0x0000, 0x0000, 0x0000, 0x0000, 0x0000, 0x0000, 0x0000, 0x0000, 0x0000, 0xFBE0, 0xFFE0, 0xFBE0, 0x0000,
  0x0000, 0x0000, 0x0000, 0x0000, 0x0000, 0x0000, 0x0000, 0x0000, 0x0000, 0xFFE0, 0xFBC6, 0xF385, 0xF385, 0xF385, 0xF385, 0xFB85,
  0xFB85, 0xFB86, 0xF386, 0xFB86, 0xFB86, 0xF386, 0xFB86, 0xFBA6, 0xFBA6, 0xFB86, 0xF386, 0xF386, 0xF386, 0xF386, 0xF386, 0xF386,
  0xF386, 0xF386, 0xFBA6, 0xFBC6, 0xFCC6, 0x0000, 0x0000, 0x0000, 0x0000, 0x0000, 0x0000, 0x0000, 0x0000, 0x0000, 0x0000, 0x0000,
  0x0000, 0xFF9D, 0xF79D, 0xF79D, 0xF79E, 0xF79E, 0xF79E, 0xF79D, 0x0000, 0xFFFF, 0xFFFF, 0xFFFF, 0xFFFF, 0xFFFF, 0xFFFF, 0xFFFF,
  0xFFFF, 0xFFFF, 0xFFFF, 0xFFFF, 0xFFFF, 0xFFFF, 0xFFFF, 0xFFFF, 0xFFFF, 0xFFFF, 0xFFFF, 0xF7BE, 0xF79D, 0xF79D, 0xF79D, 0xF79D,
  0xF79D, 0xF79D, 0xF79D, 0xF79D, 0x7BEF, 0xFFFF, 0xFFFF, 0xFFFF, 0xFFFF, 0xFFFF, 0x0000, 0x0000, 0xFFDF, 0xF79D, 0xF79D, 0xF79D,
  0xF79D, 0xF79D, 0xF79E, 0xFFFF, 0xFFFF, 0xFFFF, 0xFFFF, 0xFFFF, 0xFFFF, 0xF79E, 0xF79D, 0xF79D, 0xF79D, 0xF79D, 0xF79D, 0xF79E,
  0xFFDE, 0x0000, 0xFFFF, 0xFFFF, 0xFFFF, 0xFFFF, 0xFFFF, 0xFFFF, 0xFFFF, 0xFFFF, 0x0000, 0xFFDF, 0xF79E, 0xF79D, 0xF79E, 0xF79D,
  0xF79D, 0xF79D, 0xF77D, 0x0000, 0xFFFF, 0xFFFF, 0xFFFF, 0xFFFF, 0xFFBD, 0xF79E, 0xF79D, 0xF79D, 0xF79D, 0xF79E, 0xF79D, 0xF79D,
  0xF77D, 0xFFFF, 0xFFFF, 0xFFFF, 0xFFFF, 0xFFFF, 0xFFFF, 0xFFFF, 0xF7BE, 0xF79D, 0xF79D, 0xF79D, 0xF79E, 0xF79D, 0xF79D, 0xF79D,
  0x0000, 0xFFFF, 0xFFFF, 0xFFFF, 0xFFFF, 0xFFBE, 0xF79D, 0xF79D, 0xF79D, 0xF79D, 0xF79D, 0xF79D, 0xF79D, 0xF79D, 0xFFFF, 0xFFFF,
  0xFFFF, 0xFFFF, 0xFFFF, 0xFFFF, 0xFFFF, 0xFFFF, 0xFFFF, 0xF79D, 0xF79D, 0xF79D, 0xF79D, 0xF79D, 0xF79E, 0xF79E, 0xF79D, 0xF79E,
  0xF79E, 0xEF3C, 0xFFFF, 0xFFFF, 0xFFFF, 0x0000, 0xF79D, 0xF79D, 0xF79D, 0xF79D, 0xF79D, 0xF79D, 0xF79D, 0xFFBE, 0xFFFF, 0xFFFF,
  0xFFFF, 0xFFFF, 0xFFFF, 0xFFFF, 0x0000, 0x0000, 0x0000, 0xFFFF, 0xFFDE, 0xF79D, 0xF79D, 0xF79E, 0xF79D, 0xF79D, 0xF79D, 0xFFDF,
  0xCE79, 0xFFFF, 0xFFFF, 0xFFFF, 0x0000, 0xF79D, 0xF79D, 0xF79D, 0xF79E, 0xF79E, 0xF79D, 0xEF3C, 0xFFFF, 0xFFFF, 0xFFFF, 0xFFFF,
  0xFFFF, 0xFFFF, 0xFFFF, 0x0000, 0x0000, 0x0000, 0x0000, 0x0000, 0x0000, 0x0000, 0x0000, 0x0000, 0x0000, 0x0000, 0x0000, 0x0000,
  0x0000, 0x0000, 0x0000, 0x0000, 0x0000, 0x0000, 0x0000, 0x0000, 0x0000, 0x0000, 0x0000, 0xF9E7, 0xFBC6, 0xF385, 0xF385, 0xF385,
  0xF385, 0xF386, 0xF385, 0xF385, 0xF386, 0xF385, 0xF386, 0xFB86, 0xFB86, 0xF386, 0xFBA6, 0xF3A6, 0xFBA6, 0xFB86, 0xF386, 0xF386,
  0xFB86, 0xFB86, 0xF386, 0xFB86, 0xF386, 0xFB86, 0xF386, 0xFBA6, 0xF3E8, 0x0000, 0x0000, 0x0000, 0x0000, 0x0000, 0x0000, 0x0000,
  0x0000, 0x0000, 0x0000, 0x0000, 0x0000, 0xF77C, 0xF79D, 0xF79D, 0xF79D, 0xF7BE, 0xF79E, 0xF79E, 0x0000, 0xFFFF, 0xFFFF, 0xFFFF,
  0xFFFF, 0xFFFF, 0xFFFF, 0xFFFF, 0xFFFF, 0xFFFF, 0xFFFF, 0xFFFF, 0xFFFF, 0xFFFF, 0xFFFF, 0xFFFF, 0xFFFF, 0xFFFF, 0xFFFF, 0xFFBE,
  0xF79D, 0xF79D, 0xF79D, 0xF79D, 0xF79D, 0xF79D, 0xF79D, 0xFFFF, 0x0000, 0x0000, 0x0000, 0x0000, 0x0000, 0x0000, 0x0000, 0x0000,
  0xFFFF, 0xF79D, 0xF79D, 0xF79E, 0xF79E, 0xF79D, 0xF79D, 0xF79D, 0x0000, 0xFFFF, 0xFFFF, 0xFFFF, 0xFFDE, 0xF79E, 0xF79D, 0xF79D,
  0xF79D, 0xF79D, 0xF79D, 0xF7BE, 0xFFFF, 0xFFFF, 0xFFFF, 0xFFFF, 0xFFFF, 0xFFFF, 0xFFFF, 0xFFFF, 0xFFFF, 0xFFFF, 0xFFFF, 0xFFFF,
  0xFFDE, 0xF79E, 0xF79E, 0xF79D, 0xF79D, 0xF79D, 0xF79D, 0xFFDE, 0xFFFF, 0xFFFF, 0xFFFF, 0xFFFF, 0xFFFF, 0xF79D, 0xF79D, 0xF79D,
  0xF79E, 0xF79E, 0xF79D, 0xE73C, 0xFFFF, 0x0000, 0xFFFF, 0xFFFF, 0xFFFF, 0xFFFF, 0xFFFF, 0xFFFF, 0x0000, 0xFFBE, 0xF79D, 0xF79D,
  0xF79D, 0xF79D, 0xF79D, 0xF79D, 0xFFBE, 0x0000, 0xFFFF, 0xFFFF, 0x0000, 0xF79D, 0xF79D, 0xF79D, 0xF79D, 0xF79D, 0xF79D, 0xF79D,
  0xEF7D, 0xFFFF, 0xFFFF, 0xFFFF, 0xFFFF, 0xFFFF, 0xFFFF, 0xFFFF, 0xFFFF, 0xFFFF, 0xFFFF, 0xFFFF, 0xF77C, 0xF79D, 0xF79D, 0xF79D,
  0xF79E, 0xF79D, 0xF79E, 0xF79D, 0xF79D, 0xEF5C, 0xFFFF, 0xFFFF, 0xFFFF, 0xF79E, 0xF79E, 0xF79E, 0xF79D, 0xF79D, 0xF79D, 0xF79E,
  0xFFBE, 0xFFFF, 0xFFFF, 0x0000, 0xFFFF, 0x0000, 0x0000, 0x0000, 0x0000, 0x0000, 0x0000, 0x0000, 0xFE79, 0xFFDF, 0xF79D, 0xF79E,
  0xF79D, 0xF79D, 0xF79D, 0xF79D, 0xCFF9, 0xFFFF, 0xFFFF, 0xFFFF, 0x0000, 0xF79D, 0xF79D, 0xF79D, 0xF79D, 0xF79D, 0xF79D, 0xEF5B,
  0xFFFF, 0xFFFF, 0xFFFF, 0x0000, 0x0000, 0x0000, 0x0000, 0x0000, 0x0000, 0x0000, 0x0000, 0x0000, 0x0000, 0x0000, 0x0000, 0x0000,
  0x0000, 0x0000, 0x0000, 0x0000, 0x0000, 0x0000, 0x0000, 0x0000, 0x0000, 0x0000, 0x0000, 0x0000, 0x0000, 0xFAA0, 0xFBA6, 0xF385,
  0xF385, 0xF385, 0xF385, 0xF385, 0xF386, 0xF386, 0xFB86, 0xF386, 0xF386, 0xF386, 0xF386, 0xF386, 0xF386, 0xFB85, 0xF3A6, 0xFBA6,
  0xF385, 0xF385, 0xF386, 0xF386, 0xF386, 0xF386, 0xF386, 0xF3A6, 0xFB86, 0xFBA6, 0xFBA6, 0xFBA6, 0xFBE7, 0x0000, 0x0000, 0x0000,
  0x0000, 0x0000, 0x0000, 0x0000, 0x0000, 0x0000, 0x0000, 0x0000, 0x0000, 0xF6F9, 0xF79E, 0xF79D, 0xF79D, 0xF79D, 0xF79D, 0xF79D,
  0xF79D, 0xF75C, 0xFFFF, 0xFFFF, 0xFFFF, 0xFFFF, 0xFFFF, 0xFFFF, 0xFFFF, 0xFFFF, 0xFFFF, 0xFFFF, 0xFFFF, 0xFFFF, 0xFFFF, 0xFFFF,
  0xFFFF, 0xFFFF, 0xFFFF, 0xFFBE, 0xF79D, 0xF79D, 0xF79D, 0xF79D, 0xF79D, 0xF79D, 0xFFBE, 0x0000, 0xFFFF, 0x0000, 0x0000, 0x0000,
  0x0000, 0x0000, 0x0000, 0x0000, 0x0000, 0xF79D, 0xF7BE, 0xF79D, 0xF79E, 0xF79D, 0xF79E, 0xF7BE, 0xE77B, 0xFFFF, 0xFFFF, 0xFFFF,
  0xFFFF, 0xF79E, 0xF79D, 0xF79D, 0xF79D, 0xF79D, 0xF79D, 0xFFFF, 0xFFFF, 0xFFFF, 0xFFFF, 0xFFFF, 0xFFFF, 0xFFFF, 0xFFFF, 0xFFFF,
  0xFFFF, 0xFFFF, 0xFFFF, 0xFFFF, 0xFFFF, 0xF79D, 0xF79D, 0xF79E, 0xF79D, 0xF79D, 0xF79D, 0xF79D, 0xFFFF, 0xFFFF, 0xFFFF, 0x0000,
  0xF77D, 0xF79D, 0xF79D, 0xF79D, 0xF79D, 0xF79D, 0xFFDE, 0x0000, 0x0000, 0x0000, 0x0000, 0x0000, 0xFFFF, 0xFFFF, 0x0000, 0x0000,
  0x0000, 0xD7FF, 0xF79D, 0xF79D, 0xF79D, 0xF79D, 0xF79D, 0xF79D, 0xFFFF, 0xFFFF, 0xFFFF, 0xFFFF, 0xF79E, 0xF79E, 0xF79D, 0xF79D,
  0xF79D, 0xF79D, 0xF79D, 0xFFBE, 0xFFFF, 0xFFFF, 0xFFFF, 0xFFFF, 0xFFFF, 0xFFFF, 0xFFFF, 0xFFFF, 0xFFFF, 0xFFFF, 0xFFFF, 0xFFFF,
  0xFFFF, 0xFFDE, 0xF79E, 0xF79D, 0xF79E, 0xF79E, 0xF79E, 0xF79E, 0xF79E, 0xEF5D, 0xFFFF, 0xFFFF, 0xFFFF, 0xF79E, 0xF79D, 0xF79D,
  0xF79D, 0xF79D, 0xF79D, 0xFFDE, 0xFFFF, 0xFFFF, 0x0000, 0x0000, 0x0000, 0x0000, 0x0000, 0x0000, 0x0000, 0x0000, 0x0000, 0x0000,
  0x0000, 0x0000, 0xF79D, 0xF79D, 0xF79D, 0xF79E, 0xF79D, 0xF79D, 0xFFDF, 0xFFFF, 0xFFFF, 0xFFFF, 0x0000, 0xF79D, 0xF79D, 0xF79D,
  0xF79D, 0xF79D, 0xF79D, 0xE71B, 0xFFFF, 0xFFFF, 0xFFFF, 0x0000, 0x0000, 0x0000, 0x0000, 0x0000, 0x0000, 0x0000, 0x0000, 0x0000,
  0x0000, 0x0000, 0x0000, 0x0000, 0x0000, 0x0000, 0x0000, 0x0000, 0x0000, 0x0000, 0x0000, 0x0000, 0x0000, 0x0000, 0x0000, 0xFBE7,
  0xFBA6, 0xF365, 0xF385, 0xF385, 0xF385, 0xF385, 0xFB85, 0xF386, 0xF386, 0xFB86, 0xF386, 0xF386, 0xF386, 0xF386, 0xF386, 0xF385,
  0xF365, 0xF385, 0xFBA6, 0xF344, 0x0000, 0x0000, 0xF385, 0xFBA6, 0xF386, 0xF386, 0xF386, 0xFBA6, 0xFBA6, 0xFBA6, 0xFBA6, 0xFB86,
  0xFBC6, 0xFB26, 0x0000, 0x0000, 0x0000, 0x0000, 0x0000, 0x0000, 0x0000, 0x0000, 0x0000, 0x0000, 0x0000, 0xFFFF, 0xF77D, 0xF79D,
  0xF79D, 0xF79E, 0xF79D, 0xF79D, 0xF79D, 0xF79D, 0xF7BD, 0xFFDE, 0xF7BE, 0xE73B, 0x0000, 0xFFFF, 0xFFFF, 0xFFFF, 0xFFFF, 0xFFFF,
  0xFFFF, 0xFFFF, 0xFFFF, 0xFFFF, 0xFFFF, 0xFFFF, 0xFFFF, 0xF7BE, 0xF79D, 0xF79D, 0xF79E, 0xF79D, 0xF79D, 0xF79D, 0xFFFF, 0xFFFF,
  0xFFFF, 0x0000, 0x0000, 0x0000, 0x0000, 0x0000, 0x0000, 0xFFFF, 0xFFFF, 0xFFFF, 0xF79D, 0xF79E, 0xFF9E, 0xF79E, 0xF79E, 0xF79E,
  0xF77D, 0xFFFF, 0xFFFF, 0x0000, 0xF79D, 0xF79D, 0xF79E, 0xF79E, 0xF79D, 0xF79D, 0xFFDE, 0xAD55, 0xFFFF, 0xFFFF, 0xFFFF, 0xFFFF,
  0xFFFF, 0xFFFF, 0xFFFF, 0xFFFF, 0xFFFF, 0xFFFF, 0xFFFF, 0xFFFF, 0xFFFF, 0xFFDF, 0xF79D, 0xF79E, 0xF79E, 0xF79D, 0xF79D, 0xF79D,
  0xF81F, 0xFFFF, 0xFFFF, 0xF75D, 0xF79D, 0xF79D, 0xF79D, 0xF79D, 0xF79D, 0xF79D, 0x0000, 0x0000, 0x0000, 0x0000, 0x0000, 0x0000,
  0x0000, 0x0000, 0x0000, 0x0000, 0x0000, 0x0000, 0xFFDE, 0xF79D, 0xF79D, 0xF79D, 0xF79D, 0xF79D, 0xF79D, 0xFFFF, 0xFFFF, 0xFFFF,
  0xF79E, 0xF79D, 0xF79D, 0xF79D, 0xF79D, 0xF79D, 0xF77D, 0xFFFF, 0xFFFF, 0xFFFF, 0xFFFF, 0xFFFF, 0xFFFF, 0xFFFF, 0xFFFF, 0xFFFF,
  0xFFFF, 0xFFFF, 0xFFFF, 0xFFFF, 0xFFFF, 0xFFFF, 0xF79D, 0xF79D, 0xF79D, 0xF79E, 0xF79D, 0xF79E, 0xF79E, 0xEF5C, 0xFFFF, 0xFFFF,
  0xFFFF, 0xF79D, 0xF79D, 0xF79E, 0xF79D, 0xF79D, 0xF79E, 0xF77D, 0xFFFF, 0x0000, 0x0000, 0x0000, 0x0000, 0x0000, 0x0000, 0x0000,
  0x0000, 0x0000, 0x0000, 0x0000, 0x0000, 0x0000, 0xFFDE, 0xF79D, 0xF79D, 0xF79D, 0xF79E, 0xF79D, 0xFFDE, 0xFEDB, 0xFFFF, 0xFFFF,
  0x0000, 0xF79D, 0xF79D, 0xF79D, 0xF79D, 0xF79D, 0xF79D, 0xEF1B, 0xFFFF, 0xFFFF, 0xFFFF, 0x0000, 0x0000, 0x0000, 0x0000, 0x0000,
  0x0000, 0x0000, 0x0000, 0x0000, 0x0000, 0x0000, 0x0000, 0x0000, 0x0000, 0x0000, 0x0000, 0x0000, 0x0000, 0x0000, 0x0000, 0x0000,
  0x0000, 0x0000, 0xFB43, 0xF386, 0xF385, 0xF385, 0xFB86, 0xF386, 0xF386, 0xF385, 0xF385, 0xF385, 0xF386, 0xF386, 0xF386, 0xF386,
  0xF386, 0xF385, 0xF385, 0xF365, 0xF386, 0x0000, 0xF800, 0x0000, 0x0000, 0x0000, 0x0000, 0xFFFF, 0xF385, 0xF385, 0xF3A6, 0xF3A6,
  0xFBA6, 0xF3A6, 0xFB86, 0xF386, 0xFBA6, 0xD3E5, 0x0000, 0x0000, 0x0000, 0x0000, 0x0000, 0x0000, 0x0000, 0x0000, 0x0000, 0x0000,
  0x0000, 0x0000, 0xF75C, 0xF79D, 0xF79D, 0xF79D, 0xF79D, 0xF79D, 0xF79E, 0xF79D, 0xF79D, 0xF79D, 0xF79D, 0xF79D, 0xF79D, 0xFFDF,
  0xFFDF, 0xEF7D, 0x0000, 0xFD55, 0xFFFF, 0xFFFF, 0xFFFF, 0xFFFF, 0xFFFF, 0xFFFF, 0xFFFF, 0xFFBE, 0xF79D, 0xF79D, 0xF79E, 0xF79D,
  0xF79D, 0xF79D, 0xFFFF, 0xFFFF, 0xFFFF, 0x0000, 0x0000, 0x0000, 0x0000, 0x0000, 0xFFFF, 0xFFFF, 0xFFFF, 0xFFFF, 0xF79E, 0xF79E,
  0xF79E, 0xF79E, 0xFF9E, 0xF79E, 0xFFBE, 0xFFFF, 0xFFFF, 0xF73C, 0xF79D, 0xF79E, 0xF79D, 0xF79D, 0xF79D, 0xF79D, 0xF73C, 0x0000,
  0xFFFF, 0xFFFF, 0xFFFF, 0xFFFF, 0xFFFF, 0xFFFF, 0xFFFF, 0xFFFF, 0xFFFF, 0xFFFF, 0xFFFF, 0xFFFF, 0xFFFF, 0xFD55, 0xF79D, 0xF79D,
  0xF79E, 0xF79E, 0xF79D, 0xF79E, 0xF77D, 0xFFFF, 0xFFFF, 0xFFDE, 0xF79D, 0xF79D, 0xF79D, 0xF79D, 0xF79D, 0xF79D, 0xFFFF, 0x0000,
  0xFFFF, 0x0000, 0x0000, 0x0000, 0x0000, 0x0000, 0xFFFF, 0x0000, 0x0000, 0x0000, 0xEF7D, 0xF79D, 0xF79D, 0xF79D, 0xF79E, 0xF79E,
  0xF79D, 0x0000, 0xFFFF, 0xFFFF, 0xFFBE, 0xF79D, 0xF79D, 0xF79D, 0xF79D, 0xF79D, 0xF79D, 0xFFFF, 0xFFFF, 0xFFFF, 0xFFFF, 0xFFFF,
  0xFFFF, 0xFFFF, 0xFFFF, 0x0000, 0x0000, 0x0000, 0x0000, 0x0000, 0xFFFF, 0xFFFF, 0xFFDF, 0xF79D, 0xF79E, 0xF79E, 0xF79D, 0xF79E,
  0xF79D, 0xF77D, 0xFFFF, 0xFFFF, 0xF79D, 0xF79D, 0xF79D, 0xF79D, 0xF79D, 0xF79D, 0xF79D, 0xFFBE, 0xFFDE, 0xFFDE, 0xFFDE, 0xFFDE,
  0xFFDE, 0xFFDE, 0xFFDE, 0xFFDE, 0xFFDE, 0xFFDE, 0xFFDE, 0xFFDE, 0xFFDE, 0xFFDE, 0xFFBE, 0xF79D, 0xF79D, 0xF79D, 0xF79D, 0xF79D,
  0xF79D, 0x0000, 0xFFFF, 0xFFFF, 0x7BEF, 0xF79D, 0xF79D, 0xF79D, 0xF79D, 0xF79D, 0xF79D, 0xE73C, 0xFFFF, 0xFFFF, 0xFFFF, 0x0000,
  0x0000, 0x0000, 0x0000, 0x0000, 0x0000, 0x0000, 0x0000, 0x0000, 0x0000, 0x0000, 0x0000, 0x0000, 0x0000, 0x0000, 0x0000, 0x0000,
  0x0000, 0x0000, 0x0000, 0x0000, 0x0000, 0xFAAA, 0xF386, 0xF385, 0xF385, 0xFB86, 0xFB86, 0xFB86, 0xFB86, 0xF385, 0xF385, 0xF385,
  0xF386, 0xF386, 0xFB86, 0xF386, 0xF386, 0xF385, 0xF386, 0x0000, 0xF800, 0xF800, 0x0000, 0x0000, 0x0000, 0x0000, 0x0000, 0x0000,
  0x0000, 0x0000, 0xFBC6, 0xFB86, 0xF3A6, 0xFB86, 0xFB86, 0xFBA6, 0xFBA6, 0xFBE5, 0x0000, 0x0000, 0x0000, 0x0000, 0x0000, 0x0000,
  0x0000, 0x0000, 0x0000, 0x0000, 0x0000, 0x0000, 0xFED6, 0xFFDE, 0xF79D, 0xF79D, 0xF79D, 0xF79D, 0xF79E, 0xF79D, 0xF79E, 0xF79D,
  0xF79D, 0xF79D, 0xF79D, 0xF79D, 0xF79D, 0xF79D, 0xF77D, 0xFFBE, 0x0000, 0xFFFF, 0xFFFF, 0xFFFF, 0xFFFF, 0xFFFF, 0xFFFF, 0xF7BE,
  0xF79D, 0xF79D, 0xF79D, 0xF79D, 0xF79D, 0xF79D, 0xFFFF, 0xFFFF, 0xFFFF, 0x0000, 0x0000, 0x0000, 0x0000, 0x0000, 0xFFFF, 0xFFFF,
  0xFFFF, 0xFFFF, 0xFFBE, 0xF79D, 0xF79E, 0xF79D, 0xF79E, 0xF79E, 0xFFFF, 0xFFFF, 0xFFFF, 0xF79C, 0xF79E, 0xF79D, 0xF79E, 0xF79D,
  0xF79D, 0xF79D, 0x0000, 0x0000, 0x0000, 0xFFFF, 0xFFFF, 0xFFFF, 0xFFFF, 0xFFFF, 0xFFFF, 0xFFFF, 0xFFFF, 0xFFFF, 0xFFFF, 0xFFFF,
  0xFFFF, 0x0000, 0xF79D, 0xF79D, 0xF79D, 0xF79D, 0xF79D, 0xF79D, 0xFFDE, 0xFFFF, 0xFFFF, 0xFFBE, 0xF79D, 0xF79D, 0xF79D, 0xF79D,
  0xF79D, 0xFFDE, 0xFFFF, 0x0000, 0xFFFF, 0x0000, 0x0000, 0x0000, 0x0000, 0x0000, 0xFFFF, 0x0000, 0x0000, 0xFFFF, 0xFFFF, 0xF79D,
  0xF79D, 0xF79E, 0xF79D, 0xF79E, 0xF79D, 0x0000, 0xFFFF, 0x0000, 0xF77D, 0xF79D, 0xF79D, 0xF79D, 0xF79D, 0xF79D, 0xF79D, 0xFFFF,
  0xFFFF, 0xFFFF, 0xFFFF, 0xFFFF, 0xFFFF, 0xFFFF, 0xFFFF, 0xFFFF, 0x0000, 0x0000, 0x0000, 0x0000, 0xFFFF, 0xFFFF, 0xF79D, 0xF79D,
  0xF79D, 0xF79D, 0xF79E, 0xF79D, 0xF79E, 0xEF5C, 0xFFFF, 0xFFFF, 0xFFDE, 0xF79D, 0xF79E, 0xF79D, 0xF79D, 0xF79D, 0xF79D, 0xF79D,
  0xF79D, 0xF79D, 0xF79D, 0xF79D, 0xF79E, 0xF79D, 0xF79D, 0xF79D, 0xF79D, 0xF79D, 0xF79D, 0xF79D, 0xF79E, 0xF79D, 0xF79D, 0xF79D,
  0xF79D, 0xF79D, 0xF79D, 0xF79D, 0xF79D, 0x0000, 0xFFFF, 0xFFFF, 0xFFFF, 0xF79D, 0xF79D, 0xF79D, 0xF79D, 0xF79D, 0xF79D, 0xE73C,
  0xFFFF, 0xFFFF, 0xFFFF, 0x0000, 0x0000, 0x0000, 0x0000, 0x0000, 0x0000, 0x0000, 0x0000, 0x0000, 0x0000, 0x0000, 0x0000, 0x0000,
  0x0000, 0x0000, 0x0000, 0x0000, 0x0000, 0x0000, 0x0000, 0x0000, 0x0000, 0xEB45, 0xF386, 0xF3A6, 0xFBA6, 0xFB86, 0xFB86, 0xF386,
  0xF386, 0xF386, 0xF386, 0xF386, 0xF386, 0xF386, 0xF386, 0xF385, 0xFBC6, 0xFB04, 0xFBE0, 0x0000, 0x0000, 0x0000, 0x0000, 0x0000,
  0x0000, 0x0000, 0x0000, 0x0000, 0x0000, 0x0000, 0xFBE7, 0xF3A6, 0xFB86, 0xFB86, 0xF386, 0xFBA6, 0xFBC6, 0xFB69, 0x0000, 0x0000,
  0x0000, 0x0000, 0x0000, 0x0000, 0x0000, 0x0000, 0x0000, 0x0000, 0x0000, 0x0000, 0xFFFF, 0xFEBA, 0xFFDE, 0xF79D, 0xF79D, 0xF79E,
  0xF79D, 0xF79D, 0xF79D, 0xF79D, 0xF79D, 0xF79D, 0xF79D, 0xF79D, 0xF79D, 0xF79D, 0xF79D, 0xF79D, 0xF79D, 0xFFBE, 0xFFFF, 0xFFFF,
  0xFFFF, 0xFFFF, 0xFFFF, 0xFFBE, 0xF79D, 0xF79D, 0xF79D, 0xF79D, 0xF79D, 0xF79D, 0xFFFF, 0x0000, 0x0000, 0x0000, 0x0000, 0x0000,
  0x0000, 0x0000, 0x0000, 0xFFFF, 0xFFFF, 0xDEDB, 0xFFBE, 0xF79E, 0xF79D, 0xF79E, 0xF79D, 0xF79D, 0xFFFF, 0xFFFF, 0xFFFF, 0xF79D,
  0xFFBE, 0xF79D, 0xF79D, 0xF79D, 0xF79D, 0xF79D, 0xFFFF, 0x0000, 0x0000, 0x0000, 0xFFFF, 0xFFFF, 0xFFFF, 0xFFFF, 0xFFFF, 0xFFFF,
  0xFFFF, 0xFFFF, 0xFFFF, 0xFFFF, 0xFFFF, 0xFFFF, 0xF7BE, 0xF79D, 0xF79D, 0xF79D, 0xF79D, 0xF79D, 0xFFDF, 0xFFFF, 0xFFFF, 0xFFFF,
  0xF79D, 0xF79D, 0xF79D, 0xF79D, 0xF79D, 0xFFDF, 0xFFFF, 0x0000, 0xFFFF, 0x0000, 0x0000, 0x0000, 0x0000, 0x0000, 0xFFFF, 0xFFFF,
  0x0000, 0xFFFF, 0x0000, 0xF79D, 0xF79D, 0xF79D, 0xF79E, 0xF79D, 0xF79D, 0x0000, 0xFFFF, 0x0000, 0xF77D, 0xF79D, 0xF79D, 0xF79D,
  0xF79D, 0xF79D, 0xF79D, 0x0000, 0xFFFF, 0xFFFF, 0xFFFF, 0xFFFF, 0x0000, 0xFFFF, 0x0000, 0x0000, 0x0000, 0x0000, 0x0000, 0x0000,
  0xFFFF, 0xFFFF, 0xF77D, 0xF79D, 0xF79D, 0xF79D, 0xF79D, 0xF79D, 0xF79E, 0xF77D, 0xFFFF, 0xFFFF, 0xFFDE, 0xF79D, 0xF79D, 0xF79D,
  0xF79D, 0xF79E, 0xF79D, 0xF79D, 0xF79D, 0xF79D, 0xF79D, 0xF79D, 0xF79D, 0xF79D, 0xF79D, 0xF79D, 0xF79D, 0xF79D, 0xF79D, 0xF79D,
  0xF79D, 0xF79D, 0xF79D, 0xF79D, 0xF79E, 0xF79D, 0xF79D, 0xF79D, 0xF79D, 0xFEFB, 0xFFFF, 0xFFFF, 0xFFFF, 0xF79D, 0xF79D, 0xF77D,
  0xF79D, 0xF79D, 0xF79D, 0xEF3C, 0xFFFF, 0xFFFF, 0x0000, 0x0000, 0x0000, 0x0000, 0x0000, 0x0000, 0x0000, 0xF385, 0x0000, 0x0000,
  0x0000, 0x0000, 0x0000, 0x0000, 0x0000, 0x0000, 0x0000, 0x0000, 0x0000, 0x0000, 0x0000, 0x0000, 0x0000, 0xF365, 0xF386, 0xF386,
  0xF3A6, 0xFB86, 0xF386, 0xFB86, 0xF386, 0xF386, 0xF386, 0xF386, 0xF386, 0xF385, 0xFBA6, 0xF345, 0xFAA5, 0xF800, 0x0000, 0x0000,
  0x0000, 0x0000, 0x0000, 0x0000, 0x0000, 0x0000, 0x0000, 0x0000, 0x0000, 0x0000, 0x0000, 0xFFE0, 0x0000, 0xFBC6, 0xF3A6, 0xFBA6,
  0xFBE7, 0xBDE7, 0x0000, 0x0000, 0x0000, 0x0000, 0x0000, 0x0000, 0x0000, 0x0000, 0x0000, 0x0000, 0x0000, 0x0000, 0xFFFF, 0xFFFF,
  0xFFFF, 0xEEDA, 0xFFFF, 0xF77D, 0xF79E, 0xF79D, 0xF79D, 0xF79D, 0xF79D, 0xF79D, 0xF79D, 0xF79D, 0xF79D, 0xF79D, 0xF79D, 0xF79D,
  0xF79D, 0xF79D, 0xFFDE, 0xFFFF, 0xFFFF, 0xFFFF, 0xFFFF, 0xFFBE, 0xF79E, 0xF79D, 0xF79E, 0xF79E, 0xF79D, 0xF79D, 0xFFFF, 0x0000,
  0x0000, 0x0000, 0x0000, 0x0000, 0x0000, 0x0000, 0x0000, 0xFFFF, 0xFFFF, 0xFFFF, 0xFFBE, 0xF79D, 0xF79D, 0xF79D, 0xF79E, 0xF79E,
  0xFFFF, 0xFFFF, 0xFFFF, 0xF77D, 0xF79E, 0xF79D, 0xF79D, 0xF79D, 0xF79D, 0xF79D, 0xFFFF, 0x0000, 0x0000, 0xFFFF, 0xFFFF, 0xFFFF,
  0xFFFF, 0xFFFF, 0xFFFF, 0xFFFF, 0xFFFF, 0xFFFF, 0xFFFF, 0xFFFF, 0xFFFF, 0xFFFF, 0xF7BE, 0xF79D, 0xF79D, 0xF79D, 0xF79D, 0xF79D,
  0xFFFF, 0xFFFF, 0xFFFF, 0xFFFF, 0xF79E, 0xF79D, 0xF79E, 0xF79D, 0xF79D, 0xFFBE, 0x0000, 0x0000, 0xFFFF, 0x0000, 0x0000, 0x0000,
  0x0000, 0x0000, 0x0000, 0x0000, 0x0000, 0xFFFF, 0x0000, 0xF79D, 0xF79D, 0xF79E, 0xF79E, 0xF79D, 0xF79D, 0x0000, 0xFFFF, 0x0000,
  0xF77D, 0xF79D, 0xF79D, 0xF79D, 0xF79D, 0xF79D, 0xF77D, 0x0000, 0xFFFF, 0xFFFF, 0xFFFF, 0xFFFF, 0xFFFF, 0xFFFF, 0x0000, 0x0000,
  0x0000, 0x0000, 0x0000, 0xFFFF, 0xFFFF, 0xFFFF, 0xF79D, 0xF79D, 0xF79D, 0xF79D, 0xF79E, 0xF79E, 0xF79E, 0xF77D, 0xFFFF, 0xFFFF,
  0xFFDE, 0xF79D, 0xF79D, 0xF79D, 0xF79D, 0xF79D, 0xF79D, 0xF79D, 0xF79D, 0xF79D, 0xF79E, 0xF79D, 0xF79D, 0xF79D, 0xF79D, 0xF79D,
  0xF79D, 0xF79D, 0xF79D, 0xF79D, 0xF79D, 0xF79D, 0xF79D, 0xF79D, 0xF79D, 0xF79E, 0xF79E, 0xF79D, 0xF79D, 0x0000, 0xFFFF, 0xFFFF,
  0xFFFF, 0xF79D, 0xF79D, 0xF79D, 0xF79D, 0xF79D, 0xF79D, 0xEF1B, 0xFFFF, 0x0000, 0x0000, 0x0000, 0x0000, 0x0000, 0x0000, 0x0000,
  0x07E0, 0xF385, 0xF386, 0xEB66, 0xCB26, 0x0000, 0x0000, 0x0000, 0x0000, 0x0000, 0x0000, 0x0000, 0x0000, 0x0000, 0x0000, 0x0000,
  0x0000, 0xF365, 0xF386, 0xF386, 0xF386, 0xF386, 0xF386, 0xF386, 0xF386, 0xF386, 0xF385, 0xF365, 0xFBA6, 0xEB42, 0xFBE0, 0xF800,
  0xF800, 0x0000, 0x0000, 0x0000, 0x0000, 0x0000, 0x0000, 0x0000, 0x0000, 0x0000, 0x0000, 0x0000, 0x0000, 0x0000, 0x0000, 0x0000,
  0xF800, 0xDA49, 0xF3E7, 0xF3A6, 0xFBC7, 0xFFE0, 0x0000, 0x0000, 0x0000, 0x0000, 0x0000, 0x0000, 0x0000, 0x0000, 0x0000, 0x0000,
  0x0000, 0x0000, 0x0000, 0xFFFF, 0xFFFF, 0x0000, 0xD6BA, 0x0000, 0xEF5C, 0xFFDF, 0xFFDE, 0xF77D, 0xF79D, 0xF79D, 0xF79D, 0xF79D,
  0xF79D, 0xF79D, 0xF79D, 0xF79D, 0xF79D, 0xF79D, 0xF79D, 0xEF3C, 0xFFFF, 0xFFFF, 0xFFFF, 0xFFBE, 0xF79D, 0xF79E, 0xF79E, 0xF79D,
  0xF79E, 0xF79D, 0xFFFF, 0x0000, 0x0000, 0x0000, 0x0000, 0x0000, 0x0000, 0x0000, 0x0000, 0x0000, 0xFFFF, 0xFFFF, 0xFFBE, 0xF79D,
  0xF79D, 0xF79D, 0xF79E, 0xF79E, 0xFFDF, 0xFFFF, 0xFFFF, 0xF79D, 0xF79D, 0xF79D, 0xF79D, 0xF79D, 0xF79D, 0xF79E, 0x0000, 0x0000,
  0x0000, 0xFFFF, 0xFFFF, 0xFFFF, 0xFFFF, 0xFFFF, 0xFFFF, 0xFFFF, 0xFFFF, 0xFFFF, 0xFFFF, 0xFFFF, 0xFFFF, 0x0000, 0xF77D, 0xF79D,
  0xF79D, 0xF79D, 0xF79E, 0xF79D, 0xF79D, 0xFFFF, 0xFFFF, 0xFFFF, 0xF79D, 0xF79D, 0xF79D, 0xF79D, 0xF79D, 0xFFBE, 0x0000, 0x0000,
  0x0000, 0x0000, 0x0000, 0xFFFF, 0x0000, 0x0000, 0x0000, 0x0000, 0x0000, 0xFFFF, 0x0000, 0xF79D, 0xF79D, 0xF79E, 0xF79E, 0xF79E,
  0xF79D, 0x0000, 0xFFFF, 0xFFFF, 0xF79E, 0xF79D, 0xF79D, 0xF79D, 0xF79D, 0xF79D, 0xFFFF, 0x0000, 0xFFFF, 0xFFFF, 0x0000, 0x0000,
  0x0000, 0x0000, 0x0000, 0x0000, 0x0000, 0x0000, 0xFFFF, 0xFFFF, 0xFFFF, 0x0000, 0xFFFF, 0xF79D, 0xF79D, 0xF79D, 0xF79D, 0xF79E,
  0xF7BE, 0xEF5C, 0xFFFF, 0xFFFF, 0xFFDE, 0xF79D, 0xF79D, 0xF79D, 0xF79D, 0xF79D, 0xF79D, 0xF79D, 0xF79D, 0xF79D, 0xF79D, 0xF79E,
  0xF79D, 0xF79D, 0xF79E, 0xF79D, 0xF79D, 0xF79D, 0xF79E, 0xF79D, 0xF79D, 0xF79D, 0xF79D, 0xF79D, 0xF79D, 0xF79D, 0xF79D, 0xF79D,
  0xF79D, 0x0000, 0xFFFF, 0xFFFF, 0x0000, 0xF79D, 0xF79D, 0xF79D, 0xF79D, 0xF79D, 0xF79D, 0xEF3B, 0x0000, 0x0000, 0x0000, 0x0000,
  0x0000, 0x0000, 0x0000, 0x0000, 0x07E0, 0xF385, 0xF386, 0xF385, 0xFBA6, 0x0000, 0x0000, 0x0000, 0x0000, 0x0000, 0x0000, 0x0000,
  0x0000, 0x0000, 0x0000, 0x0000, 0x0000, 0xF800, 0xF385, 0xF386, 0xF386, 0xF386, 0xF386, 0xF386, 0xF385, 0xF385, 0xFBC6, 0xF305,
  0xFBE7, 0xF800, 0x0000, 0x0000, 0x0000, 0x0000, 0x0000, 0x0000, 0x0000, 0x0000, 0x0000, 0x0000, 0x0000, 0x0000, 0x0000, 0x0000,
  0x0000, 0x0000, 0x0000, 0x0000, 0x0000, 0x0000, 0x0000, 0x0000, 0xFC07, 0x0000, 0x0000, 0x0000, 0x0000, 0x0000, 0x0000, 0x0000,
  0x0000, 0x0000, 0x0000, 0x0000, 0x0000, 0x0000, 0x0000, 0x0000, 0x0000, 0x0000, 0xFFFF, 0xFFFF, 0xFFFF, 0x0000, 0xFFFC, 0x0000,
  0xEEFA, 0xFFBE, 0xFFBE, 0xF79E, 0xF79D, 0xF79D, 0xF79D, 0xF79D, 0xF79D, 0xF79D, 0xF79D, 0xFFDE, 0xDEFB, 0xFFFF, 0xFFFF, 0xFFBE,
  0xF79D, 0xF79D, 0xF79E, 0xF79D, 0xF79D, 0xF79D, 0xFFFF, 0x0000, 0x0000, 0x0000, 0x0000, 0x0000, 0x0000, 0x0000, 0x0000, 0x0000,
  0xFFFF, 0xFFFF, 0xFFBE, 0xF79D, 0xF79D, 0xF79D, 0xF79E, 0xF79E, 0xFFFF, 0xFFFF, 0xFFFF, 0x0000, 0xF79D, 0xF79D, 0xF79D, 0xF79D,
  0xF79D, 0xF79D, 0xF79E, 0x0000, 0x0000, 0xFFFF, 0xFFFF, 0xFFFF, 0xFFFF, 0xFFFF, 0xFFFF, 0xFFFF, 0xFFFF, 0xFFFF, 0xFFFF, 0xFFFF,
  0xFFFF, 0xEF1B, 0xF79D, 0xF79D, 0xF79D, 0xF79D, 0xF79D, 0xF79D, 0xEF3B, 0xFFFF, 0xFFFF, 0xFFFF, 0xF79E, 0xF79D, 0xF79D, 0xF79D,
  0xF79D, 0xFFBE, 0x0000, 0x0000, 0x0000, 0x0000, 0xFFFF, 0xFFFF, 0x0000, 0x0000, 0x0000, 0x0000, 0x0000, 0xFFFF, 0x0000, 0xF79D,
  0xF79D, 0xF79E, 0xF79E, 0xF79D, 0xF79D, 0x0000, 0xFFFF, 0xFFFA, 0xFFFF, 0xF79D, 0xF79D, 0xF79D, 0xF79D, 0xF79D, 0xFFBE, 0xFFFF,
  0x0000, 0x0000, 0x0000, 0x0000, 0x0000, 0x0000, 0x0000, 0x0000, 0xFFFF, 0xFFFF, 0xFFFF, 0xFFFF, 0xFFFF, 0xFFFF, 0xFFBE, 0xF79D,
  0xF79D, 0xF79D, 0xF79D, 0xF79D, 0xF79D, 0xEF5C, 0xFFFF, 0xFFFF, 0xEF5D, 0xF79D, 0xF79D, 0xF79D, 0xF79D, 0xF79D, 0xF79D, 0x0000,
  0x0000, 0x0000, 0xFFFF, 0xFFFF, 0xFFFF, 0xFFFF, 0xFFFF, 0xFFFF, 0xFFFF, 0xFFFF, 0xFFFF, 0xFFFF, 0xFFFF, 0xFFFF, 0xFFFF, 0xFFFF,
  0xFFFF, 0x0000, 0x0000, 0x0000, 0x0000, 0xFFFF, 0xFFFF, 0xFFFF, 0x0000, 0xF77D, 0xF79D, 0xF79D, 0xF79D, 0xF79D, 0xF79D, 0xEF3C,
  0xFFFF, 0x0000, 0x0000, 0x0000, 0x0000, 0x0000, 0x0000, 0x0000, 0x07E0, 0xF365, 0xF365, 0xF365, 0xF366, 0xF365, 0xF386, 0xAAAA,
  0x0000, 0x0000, 0x0000, 0x0000, 0x0000, 0x0000, 0x0000, 0x0000, 0x0000, 0x0000, 0xF345, 0xF385, 0xF385, 0xF385, 0xF385, 0xF385,
  0xFBA6, 0xFB45, 0xFAA0, 0x0000, 0x0000, 0x0000, 0x0000, 0x0000, 0x0000, 0x0000, 0x0000, 0x0000, 0x0000, 0x0000, 0x0000, 0x0000,
  0x0000, 0x0000, 0x0000, 0x0000, 0x0000, 0x0000, 0x0000, 0x0000, 0x0000, 0x0000, 0xF800, 0xFFE0, 0xFD4A, 0x0000, 0x0000, 0x0000,
  0x0000, 0x0000, 0x0000, 0x0000, 0x0000, 0x0000, 0x0000, 0x0000, 0x0000, 0x0000, 0x0000, 0x0000, 0x0000, 0x0000, 0xFFFF, 0xFFFF,
  0xFFFF, 0xFFFF, 0xFFFF, 0xFFFF, 0xFFFF, 0xFFFF, 0xFFFF, 0xDFFB, 0xF77D, 0xF79D, 0xF79D, 0xF79D, 0xF79D, 0xF79D, 0xF79D, 0xF79D,
  0xFFFF, 0xFFFF, 0xFFFF, 0xF7BE, 0xF79D, 0xF79D, 0xF79D, 0xF79D, 0xF79D, 0xF79D, 0xFFFF, 0x0000, 0x0000, 0x0000, 0x0000, 0x0000,
  0x0000, 0x0000, 0x0000, 0x0000, 0x0000, 0xFFFF, 0xF7BE, 0xF79D, 0xF79E, 0xF79D, 0xF79E, 0xF79E, 0xFFFF, 0xFFFF, 0xFFFF, 0xFFFF,
  0xF79D, 0xF79D, 0xF79D, 0xF79D, 0xF79D, 0xF79D, 0xF79D, 0xFFFF, 0xFFFF, 0xFFFF, 0xFFFF, 0xFFFF, 0xFFFF, 0x0000, 0x0000, 0x0000,
  0xFFFF, 0x0000, 0x0000, 0x0000, 0xFFFF, 0xFFBE, 0xF79D, 0xF79D, 0xF79D, 0xF79D, 0xF79D, 0xF79D, 0x0000, 0xFFFF, 0xFFFF, 0xFFFF,
  0xF79E, 0xF79E, 0xF79E, 0xF79D, 0xF79E, 0xF7BE, 0x0000, 0x0000, 0xFFFF, 0xFFFF, 0xFFFF, 0xFFFF, 0xFFFF, 0x0000, 0x0000, 0x0000,
  0x0000, 0x0000, 0x0000, 0xF79D, 0xF79D, 0xF79D, 0xF79D, 0xF79E, 0xF79D, 0x0000, 0xFFFF, 0xFFFF, 0xFFBE, 0xF79D, 0xF79D, 0xF79D,
  0xF79D, 0xF79D, 0xF79D, 0xEF5C, 0x0000, 0x0000, 0x0000, 0x0000, 0x0000, 0x0000, 0x0000, 0xFFFF, 0xFFFF, 0xFFFF, 0xFFFF, 0xFFFF,
  0xFFFF, 0xF75C, 0xF79D, 0xF79D, 0xF79D, 0xF79E, 0xF79E, 0xF79D, 0xF79E, 0xF73C, 0xFFFF, 0xFFFF, 0x0000, 0xF79D, 0xF79D, 0xF79D,
  0xF79D, 0xF79D, 0xF79D, 0xF79D, 0xFFFF, 0xFFFF, 0xFFFF, 0xFFFF, 0xFFFF, 0xFFFF, 0xFFFF, 0xFFFF, 0xFFFF, 0xFFFF, 0xFFFF, 0xFFFF,
  0xFFFF, 0x0000, 0xFFFF, 0xFFFF, 0xFFFF, 0xFFFF, 0xFFFF, 0xFFFF, 0xFFFF, 0xFFFF, 0xFFFF, 0xFFFF, 0x0000, 0xF79D, 0xF79D, 0xF79D,
  0xF79D, 0xF79D, 0xF79D, 0xF7BE, 0xFFFF, 0x0000, 0x0000, 0x0000, 0x0000, 0x0000, 0x0000, 0x0000, 0xF800, 0xFB86, 0xF385, 0xF385,
  0xF386, 0xF3A6, 0xF385, 0xFBA6, 0x0000, 0x0000, 0x0000, 0x0000, 0x0000, 0x0000, 0x0000, 0x0000, 0x0000, 0x0000, 0xF800, 0x0000,
  0xFBC6, 0xFBC6, 0xFBA6, 0xF365, 0xFAE7, 0xF800, 0x0000, 0x0000, 0x0000, 0x0000, 0x0000, 0x0000, 0x0000, 0x0000, 0x0000, 0x0000,
  0x0000, 0x0000, 0x0000, 0xFBEF, 0x0000, 0x0000, 0x0000, 0x0000, 0x0000, 0x0000, 0x0000, 0x0000, 0x0000, 0x0000, 0x0000, 0x0000,
  0x0000, 0x0000, 0x0000, 0x0000, 0x0000, 0x0000, 0x0000, 0x0000, 0x0000, 0x0000, 0x0000, 0x0000, 0x0000, 0x0000, 0x0000, 0x0000,
  0x0000, 0x0000, 0x0000, 0x0000, 0x0000, 0xFFFF, 0xFFFF, 0xFFFF, 0xFFFF, 0xFFFF, 0xFFFF, 0xFFFF, 0x0000, 0xFFDE, 0xF79D, 0xF79D,
  0xF79D, 0xF79D, 0xF79D, 0xF79D, 0x0000, 0xFFFF, 0xFFFF, 0xF7BE, 0xF79D, 0xF79E, 0xF79D, 0xF79E, 0xF79E, 0xF79D, 0xFFFF, 0x0000,
  0x0000, 0x0000, 0x0000, 0x0000, 0x0000, 0x0000, 0x0000, 0x0000, 0x0000, 0xFFFF, 0xF7BE, 0xF79E, 0xF79E, 0xF79D, 0xF79D, 0xF79E,
  0xFFDF, 0xFFFF, 0xFFFF, 0xFFFF, 0xFFBE, 0xF79D, 0xF79D, 0xF79D, 0xF79D, 0xF79D, 0xF79D, 0xF79E, 0x0000, 0xFFFF, 0xFFFF, 0xFFFF,
  0x0000, 0x0000, 0x0000, 0x0000, 0x0000, 0x0000, 0x0000, 0x0000, 0xEF5C, 0xF79D, 0xF79D, 0xF79D, 0xF79D, 0xF79D, 0xF79D, 0xFFFF,
  0xFFFF, 0xFFFF, 0xFFFF, 0xFFFF, 0xF79D, 0xF79D, 0xF79D, 0xF79D, 0xF79E, 0xF79E, 0x0000, 0x0000, 0xFFFF, 0x0000, 0x0000, 0xFFFF,
  0x0000, 0x0000, 0x0000, 0x0000, 0x0000, 0x0000, 0x0000, 0xF79D, 0xF79D, 0xF79D, 0xF79D, 0xF79D, 0xF79E, 0x0000, 0xFFFF, 0xFFFF,
  0xF75D, 0xF79D, 0xF79D, 0xF79D, 0xF79D, 0xF79D, 0xF79D, 0xF79D, 0xFFFF, 0x0000, 0x0000, 0x0000, 0x0000, 0x0000, 0x0000, 0x0000,
  0xFFFF, 0xFFFF, 0xFFFF, 0xFFFF, 0xFFFF, 0xF79D, 0xF79D, 0xF79E, 0xF79D, 0xF79E, 0xF79D, 0xF79D, 0xF79D, 0xEF5C, 0xFFFF, 0xFFFF,
  0xFFFF, 0xFFFF, 0xF79D, 0xF79D, 0xF79D, 0xF79D, 0xF79D, 0xF77D, 0xFFFF, 0x0000, 0xFFFF, 0xFFFF, 0xFFFF, 0xFFFF, 0xFFFF, 0xFFFF,
  0xFFFF, 0xFFFF, 0xFFFF, 0xFFFF, 0x0000, 0xF79E, 0xEF7C, 0xF77D, 0xF77D, 0xEF7D, 0xEF7D, 0xF79D, 0xF79E, 0xFFFF, 0xFFFF, 0xFFFF,
  0xFFFF, 0xFFDE, 0xF79D, 0xF79D, 0xF79D, 0xF79D, 0xF79D, 0xF79E, 0xFFFF, 0xFFFF, 0x0000, 0x0000, 0x0000, 0x0000, 0x0000, 0x0000,
  0xF800, 0xF365, 0xF385, 0xF386, 0xF385, 0xF386, 0xF385, 0xF385, 0xF365, 0xF386, 0xFBEF, 0x0000, 0x0000, 0x0000, 0x0000, 0x0000,
  0x0000, 0x0000, 0x0000, 0x0000, 0x0000, 0xF800, 0xF800, 0x0000, 0x0000, 0x0000, 0x0000, 0x0000, 0x0000, 0x0000, 0x0000, 0x0000,
  0x0000, 0x0000, 0x0000, 0xF386, 0xF386, 0xF365, 0xF386, 0xFBE7, 0x0000, 0x0000, 0x0000, 0x0000, 0x0000, 0x0000, 0x0000, 0x0000,
  0x0000, 0x0000, 0x0000, 0x0000, 0x0000, 0x0000, 0x0000, 0x0000, 0x0000, 0x0000, 0x0000, 0x0000, 0x0000, 0x0000, 0x0000, 0x0000,
  0x0000, 0x0000, 0x0000, 0x0000, 0x0000, 0x0000, 0x0000, 0x0000, 0x0000, 0x0000, 0x0000, 0xFFFF, 0xFFFF, 0xFFFF, 0xFFFF, 0xFFFF,
  0xFFFF, 0xEF5D, 0xF79D, 0xF79D, 0xF79D, 0xF79D, 0xF79D, 0xF79D, 0x0000, 0xFFFF, 0xFFFF, 0xF7BE, 0xF79E, 0xF79D, 0xF79D, 0xF79E,
  0xF79E, 0xF79D, 0xFFFF, 0x0000, 0x0000, 0x0000, 0x0000, 0x0000, 0x0000, 0x0000, 0x0000, 0x0000, 0xFFFF, 0xFFFF, 0xF7BE, 0xF79D,
  0xF79E, 0xF79D, 0xF79D, 0xF79E, 0xFFDF, 0xFFFF, 0xFFFF, 0xFFFF, 0xF71C, 0xF79D, 0xF79D, 0xF79D, 0xF79D, 0xF79D, 0xF79E, 0xF79E,
  0xF7BE, 0xFFFF, 0xFFFF, 0xFFFF, 0xFFFF, 0x0000, 0x0000, 0x0000, 0xFFFF, 0xFFFF, 0xFFFF, 0xFF5D, 0xF79D, 0xF79D, 0xF79D, 0xF79D,
  0xF79D, 0xF79D, 0xF79D, 0xEF5D, 0xFFFF, 0xFFFF, 0xFFFF, 0xFFFF, 0xF79D, 0xF79D, 0xF79E, 0xF79E, 0xF79E, 0xF79D, 0x0000, 0x0000,
  0x0000, 0x0000, 0x0000, 0x0000, 0x0000, 0x0000, 0x0000, 0x0000, 0x0000, 0x0000, 0x0000, 0xF79D, 0xF79D, 0xF79D, 0xF79E, 0xF79E,
  0xF79D, 0x0000, 0x0000, 0xFFFF, 0xFFFF, 0xF77D, 0xF79D, 0xF79D, 0xF79D, 0xF79D, 0xF79D, 0xF79D, 0xFFBE, 0x0000, 0xFFFF, 0xFFFF,
  0xFFFF, 0xFFFF, 0xFFFF, 0xFFFF, 0xFFFF, 0x0000, 0xFFFF, 0x0000, 0xF7BE, 0xF79E, 0xF79D, 0xF79D, 0xF79D, 0xF79E, 0xF79E, 0xF79E,
  0xF79D, 0xEF5C, 0xFFFF, 0xFFFF, 0xFFFF, 0xFFDE, 0xF79D, 0xF79D, 0xF79D, 0xF79D, 0xF79D, 0xF79D, 0xFFDE, 0xFFFF, 0xFFFF, 0xFFFF,
  0xFFFF, 0xFFFF, 0xFFFF, 0xFFFF, 0xFFFF, 0xFFFF, 0xFFFF, 0xFFFF, 0x0000, 0xF79D, 0xF79D, 0xF79D, 0xF79D, 0xF7BE, 0xF7BE, 0xF79E,
  0x0000, 0xFFFF, 0xFFFF, 0xFFFF, 0xFFFF, 0xF79D, 0xF79D, 0xF79D, 0xF79D, 0xF79E, 0xF79D, 0xF7BE, 0xF79E, 0xFFFF, 0xFFFF, 0x0000,
  0x0000, 0x0000, 0x0000, 0x0000, 0x0000, 0xDB04, 0xF385, 0xF386, 0xF386, 0xF386, 0xF386, 0xF385, 0xF385, 0xF385, 0xFBC6, 0x0000,
  0x0000, 0x0000, 0x0000, 0x0000, 0x0000, 0x0000, 0x0000, 0x0000, 0x0000, 0x0000, 0x0000, 0x0000, 0x0000, 0x0000, 0x0000, 0x0000,
  0x0000, 0x0000, 0x0000, 0x0000, 0x0000, 0xFBA6, 0xF385, 0xF386, 0xF385, 0xF386, 0xF386, 0xF386, 0xF386, 0x0000, 0x0000, 0x0000,
  0x0000, 0x0000, 0x0000, 0x0000, 0x0000, 0x0000, 0x0000, 0x0000, 0x0000, 0x0000, 0x0000, 0x0000, 0x0000, 0x0000, 0x0000, 0x0000,
  0x0000, 0x0000, 0x0000, 0x0000, 0x0000, 0x0000, 0x0000, 0xFFFF, 0xFFFF, 0xFFFF, 0xFFFF, 0x0000, 0x0000, 0x0000, 0x0000, 0x0000,
  0xFFFF, 0xFFFF, 0xFFFF, 0xFFFF, 0x0000, 0xFFBE, 0xF79E, 0xF79D, 0xF79D, 0xF79D, 0xF79D, 0xF79D, 0xFFFF, 0xFFFF, 0xFFFF, 0xFFBE,
  0xF79E, 0xF79E, 0xF79E, 0xF79E, 0xF79E, 0xF79D, 0xFFFF, 0x0000, 0x0000, 0x0000, 0x0000, 0x0000, 0xFFFF, 0xFFFF, 0xFFFF, 0x0000,
  0xFFFF, 0xFFFF, 0xFFBE, 0xF79D, 0xF79D, 0xF79E, 0xF79E, 0xF79E, 0xFFDF, 0xFFFF, 0xFFFF, 0xFFFF, 0xFFFF, 0xFFDF, 0xF79D, 0xF79D,
  0xF79D, 0xF79E, 0xF79D, 0xF79D, 0xF79D, 0xF7BE, 0xFFFF, 0xFFFF, 0xFFFF, 0xFFFF, 0xFFFF, 0x0000, 0x0000, 0xFFFF, 0xF79E, 0xF79D,
  0xF79D, 0xF79D, 0xF79D, 0xF79D, 0xF79D, 0xF79D, 0xFFBE, 0xFFFF, 0xFFFF, 0xFFFF, 0xFFFF, 0xFFFF, 0xF79D, 0xF79E, 0xF79E, 0xF79E,
  0xF79E, 0xF79D, 0x0000, 0x0000, 0x0000, 0x0000, 0x0000, 0x0000, 0x0000, 0x0000, 0x0000, 0x0000, 0x0000, 0x0000, 0x07FF, 0xF79D,
  0xF79E, 0xF79D, 0xF79E, 0xF79E, 0xF79D, 0x0000, 0x0000, 0xFFFF, 0xFFFF, 0xF7BE, 0xF79D, 0xF79D, 0xF79D, 0xF79D, 0xF79D, 0xF79D,
  0xF79D, 0xF79D, 0xFFDE, 0xFFFF, 0xFFFF, 0xFFFF, 0xFFFF, 0xFFFF, 0xFFFF, 0xFFFF, 0xFFBD, 0xF77D, 0xF79D, 0xF79D, 0xF79E, 0xF79D,
  0xF79D, 0xF79D, 0xF79D, 0xF79E, 0xF79E, 0xEF5D, 0xFFFF, 0xFFFF, 0xFFFF, 0xFFFF, 0xF79D, 0xF79D, 0xF79D, 0xF79D, 0xF79D, 0xF79D,
  0xF79D, 0xFFDF, 0x0000, 0x0000, 0xFFFF, 0xFFFF, 0xFFFF, 0xFFFF, 0xFFFF, 0xFFFF, 0xFFFF, 0xDEF9, 0xF77D, 0xF79D, 0xF79D, 0xF79E,
  0xF79E, 0xF7BE, 0xF79E, 0xFFFF, 0xFFFF, 0xFFFF, 0xFFFF, 0xFFFF, 0xFFFF, 0xE73B, 0xF79D, 0xF79D, 0xF79E, 0xF79E, 0xF79E, 0xF79E,
  0xF7BE, 0xF79D, 0x0000, 0xFFFF, 0xFFFF, 0x0000, 0x0000, 0x0000, 0x0000, 0x0000, 0xF365, 0xF385, 0xF386, 0xF386, 0xF386, 0xF385,
  0xF365, 0xF365, 0xF365, 0xF365, 0xFBA6, 0xFFE0, 0x0000, 0x0000, 0x0000, 0x0000, 0x0000, 0x0000, 0x0000, 0x0000, 0x0000, 0x0000,
  0x0000, 0x0000, 0x0000, 0x0000, 0x0000, 0x0000, 0x0000, 0xF3A5, 0xF385, 0xF385, 0xF385, 0xF385, 0xF385, 0xFB86, 0xF386, 0xF386,
  0xF386, 0xF386, 0x0000, 0x0000, 0x0000, 0x0000, 0x0000, 0x0000, 0x0000, 0x0000, 0x0000, 0x0000, 0x0000, 0x0000, 0x0000, 0x0000,
  0x0000, 0x0000, 0x0000, 0x0000, 0x0000, 0x0000, 0x0000, 0x0000, 0x0000, 0x0000, 0xEEFA, 0xF77D, 0xF77D, 0xF79D, 0xF79D, 0xF79E,
  0xF79E, 0xF79E, 0xF79E, 0xF7BE, 0xF79E, 0xF7BE, 0xF7BE, 0xF7BE, 0xF79D, 0xF79E, 0xF79D, 0xF79D, 0xF79E, 0xF79D, 0xF79D, 0xFFDF,
  0xEF5D, 0xFFFF, 0xFFFF, 0xF79E, 0xF79E, 0xF79D, 0xF79E, 0xF79E, 0xF79D, 0xF79D, 0xFFFF, 0x0000, 0x0000, 0x0000, 0x0000, 0x0000,
  0xFFFF, 0xFFFF, 0xFFFF, 0xFFFF, 0xFFFF, 0xFFFF, 0xF7BE, 0xF79D, 0xF79E, 0xF79D, 0xF79E, 0xF79E, 0xFFDF, 0xFFFF, 0xFFFF, 0xFFFF,
  0xFFFF, 0x7BEF, 0xF77D, 0xF79D, 0xF79D, 0xF79D, 0xF79D, 0xF79D, 0xF79D, 0xF79D, 0xFFDE, 0xF79E, 0x0000, 0x0000, 0x0000, 0x0000,
  0xF75D, 0xFFBE, 0xF79D, 0xF79D, 0xF79D, 0xF79D, 0xF79D, 0xF79D, 0xF79D, 0xF77D, 0xC635, 0xFFFF, 0xFFFF, 0xFFFF, 0xFFFF, 0xFFFF,
  0xF79E, 0xF79D, 0xF79D, 0xF79D, 0xF79D, 0xF79D, 0x0000, 0x0000, 0x0000, 0x0000, 0x0000, 0x0000, 0x0000, 0x0000, 0x0000, 0x0000,
  0x0000, 0x0000, 0x0000, 0xF79D, 0xF79E, 0xF79E, 0xFF9E, 0xF7BE, 0xF79E, 0x0000, 0xFFFF, 0xFFFF, 0xFFFF, 0xAD55, 0xFFBE, 0xF79D,
  0xF79D, 0xF79D, 0xF79D, 0xF79D, 0xF79D, 0xF79D, 0xF79E, 0xFFBE, 0xFFBE, 0xF77D, 0xE73C, 0xF79D, 0xFFBE, 0xFFDF, 0xF79D, 0xF79D,
  0xF79D, 0xF79E, 0xF79D, 0xF79D, 0xF79D, 0xF79E, 0xF79E, 0xF79D, 0xF79E, 0xEF5C, 0xFFFF, 0xFFFF, 0xFFFF, 0x0000, 0xF79D, 0xF79E,
  0xF79D, 0xF79D, 0xF79D, 0xF79D, 0xF79D, 0xF79D, 0xF77D, 0xFFBE, 0xDEFB, 0x0000, 0xFFFF, 0xFFFF, 0x0000, 0xF7BD, 0xFFDE, 0xF79D,
  0xF79D, 0xF79D, 0xF79D, 0xF79E, 0xF79E, 0xF79E, 0xF79D, 0x0000, 0xFFFF, 0xFFFF, 0xFFFF, 0xFFFF, 0xFFFF, 0xD6BA, 0xFFDE, 0xF79D,
  0xF79E, 0xF79E, 0xF79E, 0xF79E, 0xF79D, 0xF79D, 0xF77D, 0xF79E, 0xF77D, 0xEF5D, 0xEF5D, 0x0000, 0x0000, 0xF800, 0xFBA6, 0xF385,
  0xF385, 0xF385, 0xF365, 0xF365, 0xF365, 0xF385, 0xF385, 0xF385, 0xFBA6, 0xFBC6, 0x0000, 0x0000, 0x0000, 0x0000, 0x0000, 0x0000,
  0x0000, 0x0000, 0x0000, 0x0000, 0x0000, 0x0000, 0x0000, 0x0000, 0x0000, 0xF3A6, 0xF385, 0xF386, 0xF385, 0xF385, 0xF385, 0xF386,
  0xF386, 0xFB86, 0xFB86, 0xF386, 0xF386, 0xFBC6, 0xFBE0, 0x0000, 0x0000, 0x0000, 0x0000, 0x0000, 0x0000, 0x0000, 0x0000, 0x0000,
  0x0000, 0x0000, 0x0000, 0x0000, 0x0000, 0x0000, 0x0000, 0x0000, 0x0000, 0x0000, 0x0000, 0x0000, 0x0000, 0x0000, 0xEEDA, 0xFFBE,
  0xF79E, 0xF79D, 0xF79D, 0xF79D, 0xF79D, 0xF79D, 0xF79D, 0xF79D, 0xF79D, 0xF79D, 0xF79E, 0xF79E, 0xF79E, 0xF79D, 0xF79D, 0xF79E,
  0xF79D, 0xF79D, 0xF79E, 0xF7BE, 0xFFFF, 0xFFFF, 0xFFFF, 0xF79E, 0xF7BE, 0xF79E, 0xF79E, 0xF79D, 0xF79D, 0xF79D, 0xFFFF, 0x0000,
  0x0000, 0x0000, 0x0000, 0x0000, 0x0000, 0xFFFF, 0xFFFF, 0xFFFF, 0xFFFF, 0xFFFF, 0xFFBE, 0xF79D, 0xF79D, 0xF79D, 0xF79D, 0xF79D,
  0xFFDF, 0x0000, 0xFFFF, 0xFFFF, 0xFFFF, 0xFFFF, 0xEF5D, 0xF79E, 0xF79D, 0xF79D, 0xF79D, 0xF79D, 0xF79D, 0xF79D, 0xF79D, 0xF79E,
  0xF79E, 0xF79D, 0xF79D, 0xF79D, 0xF79D, 0xF79D, 0xF79D, 0xF79D, 0xF79D, 0xF79D, 0xF79D, 0xF79D, 0xF79D, 0xF79D, 0xFFFF, 0x0000,
  0x0000, 0xFFFF, 0xFFFF, 0xFFDF, 0xF79D, 0xF79D, 0xF79D, 0xF79D, 0xF79E, 0xF77D, 0x0000, 0x0000, 0x0000, 0x0000, 0x0000, 0x0000,
  0x0000, 0x0000, 0x0000, 0x0000, 0x0000, 0x0000, 0x0000, 0xF79D, 0xF79E, 0xF79E, 0xF7BE, 0xF79E, 0xF79E, 0x0000, 0xFFFF, 0xFFFF,
  0xFFFF, 0xFFFF, 0xE6BA, 0xF79D, 0xF79D, 0xF79D, 0xF79D, 0xF79D, 0xF79D, 0xF79D, 0xF79D, 0xF79D, 0xF79D, 0xF79D, 0xF79D, 0xF79D,
  0xF79E, 0xF79D, 0xF79E, 0xF79D, 0xF79D, 0xF79D, 0xF79D, 0xF79D, 0xF79E, 0xF79E, 0xF79E, 0xF79E, 0xF79E, 0xF75C, 0xFFFF, 0xFFFF,
  0xFFFF, 0xFFFF, 0xBDFF, 0xFFFF, 0xF79D, 0xF79D, 0xF79D, 0xF79D, 0xF79D, 0xF79D, 0xF79D, 0xF79D, 0xF79D, 0xF79D, 0xFFBE, 0xFFBE,
  0xF77D, 0xF79D, 0xF79D, 0xF79D, 0xF79D, 0xF79D, 0xF79D, 0xF79D, 0xF79D, 0xF79D, 0xF75C, 0x0000, 0x0000, 0x0000, 0x0000, 0x0000,
  0xFFFF, 0xFFFF, 0xE71B, 0xF7BE, 0xF79E, 0xF79D, 0xF79D, 0xF79D, 0xF79D, 0xF79D, 0xF79D, 0xF79D, 0xF79E, 0xF79E, 0xF79E, 0x0000,
  0x0000, 0x0000, 0xBAE3, 0xF385, 0xF385, 0xF386, 0xF365, 0xF365, 0xF385, 0xF365, 0xF385, 0xF385, 0xF386, 0xF386, 0xF365, 0xF385,
  0xF800, 0x0000, 0x0000, 0x0000, 0x0000, 0x0000, 0x0000, 0x0000, 0x0000, 0x0000, 0xF80F, 0xFB85, 0xF385, 0xF385, 0xF386, 0xF385,
  0xF385, 0xF385, 0xF386, 0xF386, 0xFB86, 0xFB86, 0xF386, 0xF386, 0xF386, 0xFBC6, 0xFBE0, 0x0000, 0x0000, 0x0000, 0x0000, 0x0000,
  0x0000, 0x0000, 0x0000, 0x0000, 0x0000, 0x0000, 0x0000, 0x0000, 0x0000, 0x0000, 0x0000, 0x0000, 0x0000, 0x0000, 0x0000, 0x0000,
  0x0000, 0x0000, 0xE6B9, 0xF79D, 0xF79D, 0xF79D, 0xF79D, 0xF79E, 0xF79D, 0xF79D, 0xF79D, 0xF79D, 0xF79D, 0xF79E, 0xF79E, 0xF79D,
  0xF79D, 0xF79D, 0xF79D, 0xF79D, 0xF79D, 0xF79D, 0xF7BE, 0xFFFF, 0xFFFF, 0xFFFF, 0xFFFF, 0xF79E, 0xF79E, 0xF79D, 0xF79D, 0xF79D,
  0xF79D, 0xF79D, 0xFFFF, 0x0000, 0x0000, 0x0000, 0x0000, 0x0000, 0x0000, 0x0000, 0xFFFF, 0xFFFF, 0xFFFF, 0xFFFF, 0xFFBE, 0xF79D,
  0xF79D, 0xF79D, 0xF79E, 0xF7BE, 0xFFDF, 0x0000, 0x0000, 0x0000, 0x0000, 0x0000, 0xBDF7, 0xF79D, 0xF79D, 0xF79D, 0xF79D, 0xF79D,
  0xF79D, 0xF79D, 0xF79D, 0xF79E, 0xF79D, 0xF79D, 0xF79D, 0xF79D, 0xF79D, 0xF79D, 0xF79D, 0xF79D, 0xF79D, 0xF79D, 0xF79D, 0xF79D,
  0xF7BE, 0xFFFF, 0x0000, 0x0000, 0x0000, 0xFFFF, 0xFFFF, 0xFFDF, 0xF79D, 0xF79D, 0xF79D, 0xF79D, 0xF79E, 0xEF5D, 0x0000, 0x0000,
  0x0000, 0x0000, 0x0000, 0x0000, 0x0000, 0x0000, 0x0000, 0x0000, 0x0000, 0x0000, 0x0000, 0xF79D, 0xF79E, 0xF79E, 0xF79E, 0xF79E,
  0xF79D, 0xCE79, 0xFFFF, 0xFFFF, 0xFFFF, 0xFFFF, 0xFFFF, 0xEF5D, 0xF79D, 0xF79D, 0xF79D, 0xF79D, 0xF79D, 0xF79D, 0xF79D, 0xF79D,
  0xF79D, 0xF79D, 0xF79D, 0xF79D, 0xF79D, 0xF79D, 0xF79D, 0xF79D, 0xF79E, 0xF79E, 0xFFBE, 0xF79D, 0xF79D, 0xF79D, 0xF79E, 0xF79E,
  0xF79E, 0xF77D, 0xFFFF, 0x0000, 0xFFFF, 0xFFFF, 0xFFFF, 0xFFFF, 0xFFDE, 0xF79D, 0xF79D, 0xF79D, 0xF79D, 0xF79D, 0xF79D, 0xF79D,
  0xF79D, 0xF79E, 0xF79D, 0xF79D, 0xF79D, 0xF79D, 0xF79D, 0xF79D, 0xF79D, 0xF79D, 0xF79E, 0xF79D, 0xF79D, 0xF77D, 0x0000, 0x0000,
  0x0000, 0x0000, 0x0000, 0x0000, 0x0000, 0xFFFF, 0xFFFF, 0xFFBE, 0xF79E, 0xF79D, 0xF79D, 0xF79D, 0xF79D, 0xF79D, 0xF79E, 0xF79E,
  0xF7BE, 0xF79E, 0xF79E, 0xBBEF, 0x0000, 0x0000, 0xF800, 0xF3A6, 0xF385, 0xF385, 0xF386, 0xF386, 0xF385, 0xF385, 0xF386, 0xF386,
  0xF386, 0xF386, 0xF386, 0xF386, 0xFBC6, 0x0000, 0x0000, 0x0000, 0x0000, 0x0000, 0x0000, 0x0000, 0xF800, 0xFBE5, 0xF386, 0xF385,
  0xF385, 0xF386, 0xF386, 0xF386, 0xF386, 0xF386, 0xF386, 0xFB86, 0xFB86, 0xFB86, 0xFBA6, 0xF386, 0xF386, 0xF386, 0xF800, 0x0000,
  0x0000, 0x0000, 0x0000, 0x0000, 0x0000, 0x0000, 0x0000, 0x0000, 0x0000, 0x0000, 0x0000, 0x0000, 0x0000, 0x0000, 0x0000, 0x0000,
  0x0000, 0x0000, 0x0000, 0x0000, 0x0000, 0x0000, 0xE699, 0xF79D, 0xF79D, 0xF79D, 0xF79E, 0xF79E, 0xF7BE, 0xF79E, 0xF79D, 0xF79E,
  0xF79D, 0xF79D, 0xF79E, 0xF79D, 0xF79D, 0xF79D, 0xF79D, 0xF79E, 0xF79D, 0xF79E, 0x0000, 0xFFFF, 0xFFFF, 0xFFFF, 0xFFFF, 0xF79D,
  0xF79D, 0xF79D, 0xF79D, 0xF79D, 0xF79D, 0xF79D, 0xFFFF, 0x0000, 0x0000, 0x0000, 0x0000, 0x0000, 0x0000, 0x0000, 0x0000, 0xFFFF,
  0xFFFF, 0xFFFF, 0xF7BE, 0xF79D, 0xF79D, 0xF79E, 0xF79E, 0xF7BE, 0xFFDF, 0xFFFF, 0x0000, 0x0000, 0x0000, 0x0000, 0xFFFF, 0xFFFF,
  0xF79E, 0xF79E, 0xF79E, 0xF79D, 0xF79E, 0xF79E, 0xF79E, 0xF79D, 0xF79D, 0xF79D, 0xF79D, 0xF79D, 0xF79D, 0xF79D, 0xF79D, 0xF79D,
  0xF79D, 0xF79E, 0xF7BE, 0xF79E, 0xFFFF, 0xFFFF, 0x0000, 0x0000, 0x0000, 0xFFFF, 0xFFFF, 0xFFDF, 0xF79E, 0xF79D, 0xF79E, 0xF79E,
  0xF7BE, 0xEF5C, 0x0000, 0x0000, 0x0000, 0x0000, 0x0000, 0x0000, 0x0000, 0x0000, 0x0000, 0x0000, 0x0000, 0x0000, 0x0000, 0xF79D,
  0xF79D, 0xF79D, 0xF79D, 0xF79D, 0xF79E, 0xE739, 0xFFFF, 0x0000, 0xFFFF, 0xFFFF, 0xFFFF, 0xFFFF, 0xEF7C, 0xF79D, 0xF79D, 0xF79D,
  0xF79D, 0xF79D, 0xF79E, 0xF79D, 0xF79E, 0xF79D, 0xF79E, 0xF79D, 0xF79D, 0xF79E, 0xF79D, 0xF79E, 0xF79E, 0xFFBE, 0x0000, 0xF79D,
  0xF79E, 0xF79E, 0xF79D, 0xF79E, 0xF79E, 0xEF3C, 0xFFFF, 0x0000, 0x0000, 0x0000, 0xFFFF, 0xFFFF, 0xFFFA, 0xFFDE, 0xF79D, 0xF79D,
  0xF79D, 0xF79D, 0xF79D, 0xF79D, 0xF79D, 0xF79D, 0xF79D, 0xF79D, 0xF79D, 0xF79D, 0xF79D, 0xF79D, 0xF79D, 0xF79D, 0xF79D, 0xF79D,
  0xEF7D, 0xFFFF, 0x0000, 0x0000, 0x0000, 0x0000, 0x0000, 0x0000, 0x0000, 0x0000, 0xFFFF, 0xCE79, 0xFFBE, 0xF79D, 0xF79D, 0xF79E,
  0xF79E, 0xF79E, 0xF79E, 0xF79E, 0xF79D, 0xF79D, 0xF77D, 0xBDF7, 0x0000, 0x0000, 0x0000, 0xB9E7, 0xF385, 0xF385, 0xF386, 0xF386,
  0xF385, 0xF385, 0xF385, 0xF386, 0xF386, 0xF385, 0xF386, 0xF386, 0xFB85, 0xF385, 0xFBA6, 0xFB64, 0x0000, 0x0000, 0xF800, 0xFB85,
  0xFB86, 0xFB85, 0xF385, 0xF386, 0xF385, 0xF385, 0xF386, 0xF386, 0xF386, 0xF386, 0xF386, 0xF386, 0xF386, 0xFB86, 0xFB86, 0xF386,
  0xF366, 0xA800, 0x0000, 0x0000, 0x0000, 0x0000, 0x0000, 0x0000, 0x0000, 0x0000, 0x0000, 0x0000, 0x0000, 0x0000, 0x0000, 0x0000,
  0x0000, 0x0000, 0x0000, 0x0000, 0x0000, 0x0000, 0x0000, 0x0000, 0x0000, 0x0000, 0xE699, 0xF79D, 0xF79D, 0xF79D, 0xF7BE, 0xF7BE,
  0xF79E, 0xF79E, 0xF79D, 0xF79E, 0xF79D, 0xF79E, 0xF79E, 0xF79D, 0xF79E, 0xF79E, 0xF79E, 0xF79E, 0xF7BE, 0x0000, 0xFFFF, 0xFFFF,
  0xFFFF, 0xFFFF, 0xFFFF, 0xF77D, 0xF79E, 0xF79D, 0xF79D, 0xF79D, 0xF79D, 0xF79D, 0xBDF7, 0x0000, 0x0000, 0x0000, 0x0000, 0x0000,
  0x0000, 0x0000, 0x0000, 0x0000, 0x0000, 0xFFFF, 0xFFBE, 0xF79E, 0xF79E, 0xF7BE, 0xF79E, 0xF79E, 0xFFBE, 0xFFFF, 0x0000, 0x0000,
  0x0000, 0x0000, 0xFFFF, 0xFFFF, 0xFFFF, 0xE71B, 0xF79E, 0xF7BE, 0xF79E, 0xF79D, 0xF79D, 0xF79D, 0xF79D, 0xF79D, 0xF79D, 0xF79D,
  0xF79D, 0xF79D, 0xF79D, 0xF79D, 0xF79D, 0xFFBE, 0xC638, 0x0000, 0x0000, 0x0000, 0x0000, 0x0000, 0x0000, 0xFFFF, 0xFFFF, 0xFFDF,
  0xF7BE, 0xFFBE, 0xF7BE, 0xF7BE, 0xF7BE, 0xEF3C, 0x0000, 0x0000, 0xFFFF, 0x0000, 0x0000, 0x0000, 0x0000, 0x0000, 0x0000, 0x0000,
  0x0000, 0x0000, 0x0000, 0xF77D, 0xF79D, 0xF79D, 0xF79D, 0xF79D, 0xF79E, 0xB5B6, 0x0000, 0x0000, 0x0000, 0xFFFF, 0xFFFF, 0xFFFF,
  0xFFFF, 0xFFFF, 0xFFDE, 0xF79E, 0xF79D, 0xF79D, 0xF79D, 0xF79D, 0xF79E, 0xF79D, 0xF79D, 0xF79E, 0xF79E, 0xF79D, 0xF79D, 0xF79D,
  0xF79D, 0xFFFF, 0x0000, 0xF79D, 0xF79E, 0xF79E, 0xF79D, 0xF79D, 0xF79E, 0xDEFB, 0x0000, 0x0000, 0x0000, 0x0000, 0x0000, 0xFFFF,
  0xFFFF, 0xFFFF, 0xF77D, 0xF79D, 0xF79E, 0xF79D, 0xF79D, 0xF79D, 0xF79D, 0xF79D, 0xF79D, 0xF79D, 0xF79D, 0xF79D, 0xF79D, 0xF79D,
  0xF79D, 0xF79D, 0xF7BE, 0xD69A, 0xFFFF, 0xFFFF, 0x0000, 0x0000, 0x0000, 0x0000, 0x0000, 0x0000, 0x0000, 0x0000, 0x0000, 0xFFFF,
  0xFBEF, 0xEF3C, 0xF79D, 0xF7BE, 0xF79E, 0xF79E, 0xF79D, 0xF79D, 0xF79D, 0xF77D, 0xF77D, 0xBDF7, 0x0000, 0x0000, 0x0000, 0x0000,
  0xC986, 0xFBA6, 0xF385, 0xF386, 0xF366, 0xF365, 0xF386, 0xF386, 0xF386, 0xF386, 0xF386, 0xF386, 0xF385, 0xF385, 0xF385, 0xF385,
  0xF385, 0xF385, 0xF385, 0xF365, 0xF365, 0xF385, 0xF385, 0xF386, 0xF386, 0xF386, 0xF386, 0xF386, 0xF386, 0xF386, 0xF386, 0xF386,
  0xFB86, 0xFB86, 0xFB86, 0xFB85, 0xE325, 0xF800, 0x0000, 0x0000, 0x0000, 0x0000, 0x0000, 0x0000, 0x0000, 0x0000, 0x0000, 0x0000,
  0x0000, 0x0000, 0x0000, 0x0000, 0x0000, 0x0000, 0x0000, 0x0000, 0x0000, 0x0000, 0x0000, 0x0000, 0x0000, 0x0000, 0xE699, 0xFFBE,
  0xFFBE, 0xFFBE, 0xF79E, 0xF79D, 0xF79D, 0xF79D, 0xF79E, 0xF79D, 0xF79E, 0xF79E, 0xF79E, 0xF7BE, 0xF7BE, 0xF79D, 0xFFBE, 0xE71C,
  0xDEDB, 0xFFFF, 0xFFFF, 0xFFFF, 0xFFFF, 0xFFFF, 0xFFFF, 0xEF7D, 0xF79E, 0xF79D, 0xF79D, 0xF79D, 0xF79E, 0xF79D, 0xFD55, 0x0000,
  0x0000, 0x0000, 0x0000, 0x0000, 0x0000, 0x0000, 0x0000, 0x0000, 0x0000, 0xFFFF, 0xFFBE, 0xF79E, 0xF79D, 0xF79E, 0xF79E, 0xF79D,
  0xF79E, 0xFFFF, 0x0000, 0x0000, 0x0000, 0x0000, 0x0000, 0x0000, 0xFFFF, 0xFFFF, 0xD6BA, 0xEF5D, 0xF79D, 0xF79D, 0xF79D, 0xF79D,
  0xF79D, 0xF79D, 0xF79D, 0xF79D, 0xF79D, 0xF79D, 0xF79D, 0xF79D, 0xEF3C, 0xFFFF, 0x0000, 0x0000, 0x0000, 0x0000, 0x0000, 0x0000,
  0x0000, 0x0000, 0xFFF5, 0xFFDE, 0xF79E, 0xF79E, 0xF79E, 0xF79E, 0xF79D, 0xE6FB, 0xFFFF, 0xFFFF, 0xFFFF, 0x0000, 0x0000, 0x0000,
  0x0000, 0x0000, 0x0000, 0x0000, 0x0000, 0x0000, 0x0000, 0xF77D, 0xF79D, 0xF79E, 0xF79E, 0xF7BE, 0xFFBE, 0x0000, 0x0000, 0x0000,
  0x0000, 0xFFFF, 0xFFFF, 0xFFFF, 0xFFFF, 0xFFFF, 0xFFFF, 0xEF3B, 0xFFBE, 0xF79D, 0xF79D, 0xF79D, 0xF79D, 0xF79D, 0xF79D, 0xF79D,
  0xF79D, 0xF79D, 0xF79E, 0xFFFF, 0xFFFF, 0xFFFF, 0xF79E, 0xF79E, 0xF79E, 0xF79E, 0xF79D, 0xF79E, 0xF79D, 0x0000, 0x0000, 0x0000,
  0x0000, 0x0000, 0x0000, 0x0000, 0xFFFF, 0xFFFF, 0xFFFF, 0x0000, 0xFFDF, 0xF79D, 0xF79D, 0xF79D, 0xF79D, 0xF79D, 0xF79D, 0xF79D,
  0xF79D, 0xF79D, 0xF79D, 0xF79D, 0xF79E, 0xEF5C, 0xD555, 0xFFFF, 0xFFFF, 0xFFFF, 0x0000, 0x0000, 0x0000, 0x0000, 0x0000, 0x0000,
  0x0000, 0x0000, 0x0000, 0x0000, 0x0000, 0xFFFF, 0xFFFF, 0xF7BE, 0xF79D, 0xF79D, 0xF79D, 0xF79D, 0xF79D, 0xF79D, 0xF79D, 0xAD55,
  0x0000, 0x0000, 0x0000, 0x0000, 0x0000, 0xF800, 0xEB45, 0xF385, 0xF386, 0xF386, 0xF386, 0xF386, 0xF386, 0xF386, 0xF386, 0xF386,
  0xF385, 0xF386, 0xFB86, 0xFB85, 0xFB85, 0xFB86, 0xFB85, 0xFB86, 0xF385, 0xF386, 0xF386, 0xF385, 0xF386, 0xF386, 0xF386, 0xF386,
  0xF386, 0xF386, 0xF386, 0xFB86, 0xFB86, 0xFBA6, 0xEB26, 0xF800, 0x0000, 0x0000, 0x0000, 0x0000, 0x0000, 0x0000, 0x0000, 0x0000,
  0x0000, 0x0000, 0x0000, 0x0000, 0x0000, 0x0000, 0x0000, 0x0000, 0x0000, 0x0000, 0x0000, 0x0000, 0x0000, 0x0000, 0x0000, 0x0000,
  0x0000, 0x0000, 0xC5B4, 0xDE99, 0xE6BA, 0xDEDA, 0xDEBA, 0xDEDA, 0xE6DA, 0xE6FB, 0xE6FB, 0xE71B, 0xE71B, 0xE71B, 0xE6FB, 0xE6FB,
  0xC635, 0x0000, 0xFFFF, 0xFFFF, 0xFFFF, 0xFFFF, 0xFFFF, 0x0000, 0x0000, 0xFFFF, 0x0000, 0xDEBA, 0xDEFB, 0xDEFB, 0xDEDA, 0xDEDB,
  0xDEFB, 0xDEDA, 0xFFFF, 0x0000, 0x0000, 0x0000, 0x0000, 0x0000, 0x0000, 0x0000, 0x0000, 0x0000, 0x0000, 0xFFFF, 0xDEFB, 0xDEDA,
  0xE6FB, 0xDEFB, 0xDEDA, 0xDEFB, 0xE6FB, 0xFFFF, 0x0000, 0x0000, 0x0000, 0x0000, 0x0000, 0x0000, 0x0000, 0x0000, 0x0000, 0x0000,
  0xCE79, 0xD6B7, 0xFFBE, 0xFFBE, 0xF79D, 0xF79D, 0xF79D, 0xF79D, 0xFFDF, 0xF79D, 0xBDF7, 0xFFFF, 0x0000, 0xFFFF, 0x0000, 0x0000,
  0x0000, 0x0000, 0x0000, 0x0000, 0x0000, 0x0000, 0xFFFF, 0xE6DA, 0xE6DB, 0xE6FB, 0xDEFB, 0xE6FB, 0xE6FB, 0xD699, 0xFFFF, 0xFFFF,
  0x0000, 0x0000, 0x0000, 0x0000, 0x0000, 0x0000, 0x0000, 0x0000, 0x0000, 0x0000, 0xFFFF, 0xE71B, 0xE71C, 0xEF3C, 0xE71C, 0xE71C,
  0xEF1C, 0x0000, 0x0000, 0x0000, 0x0000, 0x0000, 0x0000, 0x0000, 0x0000, 0xFFFF, 0xFFFF, 0xFFFF, 0xFFFF, 0xFFFF, 0xEF7D, 0xF79E,
  0xFFDE, 0xFFFF, 0xFF9E, 0xF79D, 0x0000, 0xFFFF, 0xFFFF, 0xFFFF, 0xFFFF, 0xFFFF, 0xF79D, 0xF79E, 0xF79E, 0xF79E, 0xF79E, 0xF79E,
  0xF79D, 0x0000, 0x0000, 0x0000, 0x0000, 0x0000, 0x0000, 0x0000, 0x0000, 0x0000, 0x0000, 0x0000, 0x0000, 0xFFFF, 0xE6FB, 0xFFFF,
  0xF7BE, 0xF79D, 0xF79D, 0xF79D, 0xF79D, 0xFFDF, 0xF79D, 0x0000, 0xFFFF, 0x0000, 0x0000, 0x0000, 0x0000, 0x0000, 0x0000, 0x0000,
  0x0000, 0x0000, 0x0000, 0x0000, 0x0000, 0x0000, 0x0000, 0x0000, 0x0000, 0x0000, 0x0000, 0xFFFF, 0xCE79, 0x0000, 0xC637, 0xD69A,
  0xDEBA, 0xDEBA, 0xD6BA, 0x0000, 0x0000, 0x0000, 0x0000, 0x0000, 0x0000, 0x0000, 0xF800, 0xFD4A, 0xFB85, 0xFB86, 0xF386, 0xF386,
  0xF386, 0xF385, 0xF385, 0xF386, 0xF386, 0xF385, 0xFB86, 0xFB85, 0xFB85, 0xFB86, 0xF385, 0xF385, 0xFB85, 0xF386, 0xF385, 0xFB86,
  0xF385, 0xF386, 0xFB86, 0xFB86, 0xF386, 0xF386, 0xFB86, 0xFB85, 0xE346, 0xFBE0, 0x0000, 0x0000, 0x0000, 0x0000, 0x0000, 0x0000,
  0x0000, 0x0000, 0x0000, 0x0000, 0x0000, 0x0000, 0x0000, 0x0000, 0x0000, 0x0000, 0x0000, 0x0000, 0x0000, 0x0000, 0x0000, 0x0000,
  0x0000, 0x0000, 0x0000, 0x0000, 0x0000, 0x0000, 0xFFFF, 0x0000, 0x0000, 0x0000, 0x0000, 0x0000, 0x0000, 0x0000, 0x0000, 0x0000,
  0x0000, 0xFFFF, 0xFFFF, 0xFFFF, 0xFFFF, 0xFFFF, 0xFFFF, 0xFFFF, 0x0000, 0x0000, 0x0000, 0x0000, 0x0000, 0x0000, 0x0000, 0x0000,
  0x0000, 0x0000, 0x0000, 0x0000, 0x0000, 0x0000, 0x0000, 0x0000, 0x0000, 0x0000, 0x0000, 0x0000, 0x0000, 0x0000, 0x0000, 0x0000,
  0x0000, 0x0000, 0x0000, 0x0000, 0x0000, 0x0000, 0x0000, 0x0000, 0xFFFF, 0xFFFF, 0x0000, 0x0000, 0x0000, 0x0000, 0x0000, 0x0000,
  0x0000, 0x0000, 0x0000, 0x0000, 0xFFFF, 0xFFFF, 0xFFFF, 0xFFFF, 0xCE79, 0xFFFF, 0xFFFF, 0xD6BA, 0xFFFF, 0xFFFF, 0x0000, 0x0000,
  0x0000, 0x0000, 0x0000, 0x0000, 0x0000, 0x0000, 0x0000, 0x0000, 0x0000, 0x0000, 0x0000, 0x0000, 0x0000, 0x0000, 0x0000, 0x0000,
  0x0000, 0x0000, 0xFFFF, 0x0000, 0x0000, 0x0000, 0x0000, 0x0000, 0x0000, 0x0000, 0x0000, 0x0000, 0x0000, 0x0000, 0x0000, 0x0000,
  0x0000, 0x0000, 0x0000, 0x0000, 0x0000, 0x0000, 0x0000, 0x0000, 0x0000, 0x0000, 0x0000, 0x0000, 0x0000, 0x0000, 0xFFFF, 0xFFFF,
  0xFFFF, 0xFFFF, 0xFFFF, 0xFFFF, 0xFFFF, 0xFFFF, 0xFFFF, 0xFFFF, 0xFFFF, 0xFFFF, 0xFFFF, 0xFFFF, 0xFFFF, 0xFFFF, 0xFFBE, 0xF79D,
  0xF79D, 0xF79D, 0xF79E, 0xF79E, 0xFFFF, 0xE71C, 0xFFFF, 0x0000, 0x0000, 0x0000, 0x0000, 0x0000, 0x0000, 0x0000, 0x0000, 0x0000,
  0x0000, 0x0000, 0x0000, 0x0000, 0xFFFF, 0xBDF7, 0xFFF5, 0xFFF5, 0xD6BA, 0xFFFF, 0x0000, 0x0000, 0x0000, 0x0000, 0x0000, 0x0000,
  0x0000, 0x0000, 0x0000, 0x0000, 0x0000, 0x0000, 0x0000, 0x0000, 0x0000, 0x0000, 0x0000, 0x0000, 0x0000, 0x0000, 0x0000, 0x0000,
  0x0000, 0x0000, 0x0000, 0x0000, 0x0000, 0x0000, 0x0000, 0x0000, 0x0000, 0x0000, 0x0000, 0x0000, 0x0000, 0x0000, 0x0000, 0xF800,
  0xCB26, 0xF3A6, 0xF386, 0xF386, 0xF386, 0xF386, 0xF386, 0xFB86, 0xFB85, 0xFB85, 0xF385, 0xF385, 0xF385, 0xF385, 0xF385, 0xF385,
  0xF386, 0xF385, 0xF386, 0xF385, 0xF386, 0xFB86, 0xF386, 0xFB86, 0xFB86, 0xFBA6, 0xEB65, 0xFBE0, 0x0000, 0x0000, 0x0000, 0x0000,
  0x0000, 0x0000, 0x0000, 0x0000, 0x0000, 0x0000, 0x0000, 0x0000, 0x0000, 0x0000, 0x0000, 0x0000, 0x0000, 0x0000, 0x0000, 0x0000,
  0x0000, 0x0000, 0x0000, 0x0000, 0x0000, 0x0000, 0x0000, 0x0000, 0x0000, 0x0000, 0x0000, 0x0000, 0x0000, 0x0000, 0x0000, 0x0000,
  0x0000, 0x0000, 0x0000, 0x0000, 0x0000, 0xFFFF, 0xFFFF, 0xFFFF, 0xFFFF, 0xFFFF, 0xFFFF, 0x0000, 0x0000, 0x0000, 0x0000, 0x0000,
  0x0000, 0x0000, 0x0000, 0x0000, 0x0000, 0x0000, 0x0000, 0x0000, 0x0000, 0x0000, 0x0000, 0x0000, 0x0000, 0x0000, 0x0000, 0x0000,
  0x0000, 0x0000, 0x0000, 0x0000, 0x0000, 0x0000, 0x0000, 0x0000, 0x0000, 0x0000, 0x0000, 0x0000, 0x0000, 0x0000, 0x0000, 0x0000,
  0x0000, 0x0000, 0x0000, 0x0000, 0x0000, 0x0000, 0x0000, 0x0000, 0x0000, 0xFFFF, 0xFFFF, 0xFFFF, 0xFFFF, 0xFFFF, 0xFFFF, 0xFFFF,
  0xFFFF, 0xFFFF, 0x0000, 0x0000, 0x0000, 0x0000, 0x0000, 0x0000, 0x0000, 0x0000, 0x0000, 0x0000, 0x0000, 0x0000, 0x0000, 0x0000,
  0x0000, 0x0000, 0x0000, 0x0000, 0x0000, 0x0000, 0x0000, 0x0000, 0x0000, 0x0000, 0x0000, 0x0000, 0x0000, 0x0000, 0x0000, 0x0000,
  0x0000, 0x0000, 0x0000, 0x0000, 0x0000, 0x0000, 0x0000, 0x0000, 0x0000, 0x0000, 0x0000, 0x0000, 0x0000, 0x0000, 0x0000, 0x0000,
  0x0000, 0x0000, 0xFFFF, 0xFFFF, 0xFFFF, 0xFFFF, 0xFFFF, 0xFFFF, 0xFFFF, 0xFFFF, 0xFFFF, 0xFFFF, 0xFFFF, 0xFFFF, 0xFFFF, 0xFFFF,
  0xFFFF, 0xBBEF, 0xF79E, 0xF79D, 0xF79D, 0xF79D, 0xF79D, 0xF79D, 0xF7BE, 0xFFFF, 0xFFFF, 0x0000, 0x0000, 0x0000, 0x0000, 0x0000,
  0x0000, 0x0000, 0x0000, 0x0000, 0x0000, 0x0000, 0x0000, 0x0000, 0x0000, 0xFFFF, 0xFFFF, 0xFFFF, 0xFFFF, 0xFFFF, 0x0000, 0x0000,
  0x0000, 0x0000, 0x0000, 0x0000, 0x0000, 0x0000, 0x0000, 0x0000, 0x0000, 0x0000, 0x0000, 0x0000, 0x0000, 0x0000, 0x0000, 0x0000,
  0x0000, 0x0000, 0x0000, 0x0000, 0x0000, 0x0000, 0x0000, 0x0000, 0x0000, 0x0000, 0x0000, 0x0000, 0x0000, 0x0000, 0x0000, 0x0000,
  0x0000, 0x0000, 0x0000, 0x0000, 0xF800, 0x0000, 0xD345, 0xF385, 0xF386, 0xF386, 0xF386, 0xF386, 0xFB86, 0xF385, 0xF386, 0xF385,
  0xF385, 0xF385, 0xF385, 0xF385, 0xF386, 0xF386, 0xF386, 0xF386, 0xF385, 0xF385, 0xF386, 0xFB85, 0xEB66, 0x0000, 0x0000, 0x0000,
  0x0000, 0x0000, 0x0000, 0x0000, 0x0000, 0x0000, 0x0000, 0x0000, 0x0000, 0x0000, 0x0000, 0x0000, 0x0000, 0x0000, 0x0000, 0x0000,
  0x0000, 0x0000, 0x0000, 0x0000, 0x0000, 0x0000, 0x0000, 0x0000, 0x0000, 0x0000, 0x0000, 0x0000, 0x0000, 0x0000, 0x0000, 0x0000,
  0x0000, 0x0000, 0x0000, 0x0000, 0x0000, 0x0000, 0x0000, 0x0000, 0x0000, 0x0000, 0x0000, 0x0000, 0x0000, 0x0000, 0x0000, 0x0000,
  0x0000, 0x0000, 0x0000, 0x0000, 0x0000, 0x0000, 0x0000, 0x0000, 0x0000, 0x0000, 0x0000, 0x0000, 0x0000, 0x0000, 0x0000, 0x0000,
  0x0000, 0x0000, 0x0000, 0x0000, 0x0000, 0x0000, 0x0000, 0x0000, 0x0000, 0x0000, 0x0000, 0x0000, 0x0000, 0x0000, 0x0000, 0x0000,
  0x0000, 0x0000, 0x0000, 0x0000, 0x0000, 0x0000, 0x0000, 0x0000, 0x0000, 0x0000, 0x0000, 0x0000, 0x0000, 0x0000, 0xFFFF, 0xFFFF,
  0xFFFF, 0x0000, 0x0000, 0x0000, 0x0000, 0x0000, 0x0000, 0x0000, 0x0000, 0x0000, 0x0000, 0x0000, 0x0000, 0x0000, 0x0000, 0x0000,
  0x0000, 0x0000, 0x0000, 0x0000, 0x0000, 0x0000, 0x0000, 0x0000, 0x0000, 0x0000, 0x0000, 0x0000, 0x0000, 0x0000, 0x0000, 0x0000,
  0x0000, 0x0000, 0x0000, 0x0000, 0x0000, 0x0000, 0x0000, 0x0000, 0x0000, 0x0000, 0x0000, 0x0000, 0x0000, 0x0000, 0x0000, 0x0000,
  0x0000, 0x0000, 0x0000, 0x0000, 0x0000, 0xFFFF, 0xEF5D, 0xFFBE, 0xFFFF, 0xFFFF, 0xFFFF, 0xFFFF, 0xFFFF, 0xFFFF, 0xFFFF, 0xFFFF,
  0xFFFF, 0xFFFF, 0xFFFF, 0xFFFF, 0xFFFF, 0xF79E, 0xF79D, 0xF79D, 0xF79D, 0xF79D, 0xF79D, 0xF79D, 0xBDF7, 0xFFFF, 0xFFFF, 0x0000,
  0x0000, 0x0000, 0x0000, 0x0000, 0x0000, 0x0000, 0x0000, 0x0000, 0x0000, 0x0000, 0x0000, 0x0000, 0x0000, 0x0000, 0x0000, 0x0000,
  0x0000, 0xFFFF, 0x0000, 0x0000, 0x0000, 0x0000, 0x0000, 0x0000, 0x0000, 0x0000, 0x0000, 0x0000, 0x0000, 0x0000, 0x0000, 0x0000,
  0x0000, 0x0000, 0x0000, 0x0000, 0x0000, 0xFFFF, 0x0000, 0x0000, 0x0000, 0x0000, 0x0000, 0x0000, 0x0000, 0x0000, 0x0000, 0x0000,
  0x0000, 0x0000, 0x0000, 0x0000, 0x0000, 0x0000, 0x0000, 0x0000, 0x0000, 0x0000, 0x0000, 0xF800, 0xFBC6, 0xF386, 0xF386, 0xFB86,
  0xFB86, 0xF385, 0xF385, 0xF365, 0xF365, 0xF385, 0xF386, 0xF385, 0xF386, 0xF386, 0xF386, 0xF386, 0xFB86, 0xFB85, 0xEB65, 0x0000,
  0x0000, 0x0000, 0x0000, 0x0000, 0x0000, 0x0000, 0x0000, 0x0000, 0x0000, 0x0000, 0x0000, 0x0000, 0x0000, 0x0000, 0x0000, 0x0000,
  0x0000, 0x0000, 0x0000, 0x0000, 0x0000, 0x0000, 0x0000, 0x0000, 0x0000, 0x0000, 0x0000, 0x0000, 0x0000, 0x0000, 0x0000, 0x0000,
  0x0000, 0x0000, 0x0000, 0x0000, 0x0000, 0x0000, 0x0000, 0x0000, 0x0000, 0x0000, 0x0000, 0x0000, 0x0000, 0x0000, 0x0000, 0x0000,
  0x0000, 0x0000, 0x0000, 0x0000, 0x0000, 0x0000, 0x0000, 0x0000, 0x0000, 0x0000, 0x0000, 0x0000, 0x0000, 0x0000, 0x0000, 0x0000,
  0x0000, 0x0000, 0x0000, 0x0000, 0x0000, 0x0000, 0x0000, 0x0000, 0x0000, 0x0000, 0x0000, 0x0000, 0x0000, 0x0000, 0x0000, 0x0000,
  0x0000, 0x0000, 0x0000, 0x0000, 0x0000, 0x0000, 0x0000, 0x0000, 0x0000, 0x0000, 0x0000, 0x0000, 0x0000, 0x0000, 0x0000, 0x0000,
  0x0000, 0x0000, 0x0000, 0x0000, 0x0000, 0x0000, 0x0000, 0x0000, 0x0000, 0x0000, 0x0000, 0x0000, 0x0000, 0x0000, 0x0000, 0x0000,
  0x0000, 0x0000, 0x0000, 0x0000, 0x0000, 0x0000, 0x0000, 0x0000, 0x0000, 0x0000, 0x0000, 0x0000, 0x0000, 0x0000, 0x0000, 0x0000,
  0x0000, 0x0000, 0x0000, 0x0000, 0x0000, 0x0000, 0x0000, 0x0000, 0x0000, 0x0000, 0x0000, 0x0000, 0x0000, 0x0000, 0x0000, 0x0000,
  0x0000, 0x0000, 0x0000, 0x0000, 0x0000, 0x0000, 0x0000, 0x0000, 0xFFFF, 0xFFFF, 0xF79D, 0xF79D, 0xFFDE, 0xFFFF, 0xFFFF, 0xFFFF,
  0xFFFF, 0xFFFF, 0xFFFF, 0xFFFF, 0xFFFF, 0xFFFF, 0xFFFF, 0xFFFF, 0xF7BE, 0xF79D, 0xF79D, 0xF79D, 0xF79D, 0xF79D, 0xF79D, 0xFFFF,
  0xFFFF, 0x0000, 0x0000, 0x0000, 0x0000, 0x0000, 0x0000, 0x0000, 0x0000, 0x0000, 0x0000, 0x0000, 0x0000, 0x0000, 0x0000, 0x0000,
  0x0000, 0x0000, 0x0000, 0x0000, 0x0000, 0x0000, 0x0000, 0x0000, 0x0000, 0x0000, 0x0000, 0x0000, 0x0000, 0x0000, 0x0000, 0x0000,
  0x0000, 0x0000, 0x0000, 0x0000, 0x0000, 0x0000, 0x0000, 0x0000, 0x0000, 0x0000, 0x0000, 0x0000, 0x0000, 0x0000, 0x0000, 0x0000,
  0x0000, 0x0000, 0x0000, 0x0000, 0x0000, 0x0000, 0x0000, 0x0000, 0x0000, 0x0000, 0x0000, 0x0000, 0x0000, 0x0000, 0x0000, 0x0000,
  0x0000, 0xDB05, 0xFB85, 0xFB86, 0xFB86, 0xF385, 0xF386, 0xF385, 0xF385, 0xF385, 0xF386, 0xF386, 0xFB86, 0xFB85, 0xF385, 0xFB85,
  0xEB86, 0x0000, 0x0000, 0x0000, 0x0000, 0x0000, 0x0000, 0x0000, 0x0000, 0x0000, 0x0000, 0x0000, 0x0000, 0x0000, 0x0000, 0x0000,
  0x0000, 0x0000, 0x0000, 0x0000, 0x0000, 0x0000, 0x0000, 0x0000, 0x0000, 0x0000, 0x0000, 0x0000, 0x0000, 0x0000, 0x0000, 0x0000,
  0x0000, 0x0000, 0x0000, 0x0000, 0x0000, 0x0000, 0x0000, 0x0000, 0x0000, 0x0000, 0x0000, 0x0000, 0x0000, 0x0000, 0x0000, 0x0000,
  0x0000, 0x0000, 0x0000, 0x0000, 0x0000, 0x0000, 0x0000, 0x0000, 0x0000, 0x0000, 0x0000, 0x0000, 0x0000, 0x0000, 0x0000, 0x0000,
  0x0000, 0x0000, 0x0000, 0x0000, 0x0000, 0x0000, 0x0000, 0x0000, 0x0000, 0x0000, 0x0000, 0x0000, 0x0000, 0x0000, 0x0000, 0x0000,
  0x0000, 0x0000, 0x0000, 0x0000, 0x0000, 0x0000, 0x0000, 0x0000, 0x0000, 0x0000, 0x0000, 0x0000, 0x0000, 0x0000, 0x0000, 0x0000,
  0x0000, 0x0000, 0x0000, 0x0000, 0x0000, 0x0000, 0x0000, 0x0000, 0x0000, 0x0000, 0x0000, 0x0000, 0x0000, 0x0000, 0x0000, 0x0000,
  0x0000, 0x0000, 0x0000, 0x0000, 0x0000, 0x0000, 0x0000, 0x0000, 0x0000, 0x0000, 0x0000, 0x0000, 0x0000, 0x0000, 0x0000, 0x0000,
  0x0000, 0x0000, 0x0000, 0x0000, 0x0000, 0x0000, 0x0000, 0x0000, 0x0000, 0x0000, 0x0000, 0x0000, 0x0000, 0x0000, 0x0000, 0x0000,
  0x0000, 0x0000, 0x0000, 0x0000, 0x0000, 0x0000, 0x0000, 0x0000, 0x0000, 0x0000, 0xFFFF, 0xE6DB, 0xF79D, 0xF79E, 0xF79D, 0xF79D,
  0xF79D, 0xF79E, 0xF79D, 0xFFFF, 0x0000, 0xFFFF, 0xFFFF, 0xFFFF, 0xFFFF, 0xFFFF, 0xF77D, 0xF79D, 0xF79D, 0xF79D, 0xF79D, 0xF79D,
  0xF79D, 0xF79E, 0xF79E, 0xDE99, 0x0000, 0x0000, 0x0000, 0x0000, 0x0000, 0x0000, 0x0000, 0x0000, 0x0000, 0x0000, 0x0000, 0x0000,
  0x0000, 0x0000, 0x0000, 0x0000, 0x0000, 0x0000, 0x0000, 0x0000, 0x0000, 0x0000, 0x0000, 0x0000, 0x0000, 0x0000, 0x0000, 0x0000,
  0x0000, 0x0000, 0x0000, 0x0000, 0x0000, 0x0000, 0x0000, 0x0000, 0x0000, 0x0000, 0x0000, 0x0000, 0x0000, 0x0000, 0x0000, 0x0000,
  0x0000, 0x0000, 0x0000, 0x0000, 0x0000, 0x0000, 0x0000, 0x0000, 0x0000, 0x0000, 0x0000, 0x0000, 0x0000, 0x0000, 0x0000, 0x0000,
  0x0000, 0x0000, 0x0000, 0x0000, 0x0000, 0xF800, 0x0000, 0xEB66, 0xFB86, 0xFB86, 0xF386, 0xF386, 0xF385, 0xF385, 0xF386, 0xF385,
  0xFBA6, 0xFBC6, 0xEB86, 0x0000, 0xF800, 0x0000, 0x0000, 0x0000, 0x0000, 0x0000, 0x0000, 0x0000, 0x0000, 0x0000, 0x0000, 0x0000,
  0x0000, 0x0000, 0x0000, 0x0000, 0x0000, 0x0000, 0x0000, 0x0000, 0x0000, 0x0000, 0x0000, 0x0000, 0x0000, 0x0000, 0x0000, 0x0000,
  0x0000, 0x0000, 0x0000, 0x0000, 0x0000, 0x0000, 0x0000, 0x0000, 0x0000, 0x0000, 0x0000, 0x0000, 0x0000, 0x0000, 0x0000, 0x0000,
  0x0000, 0x0000, 0x0000, 0x0000, 0x0000, 0x0000, 0x0000, 0x0000, 0x0000, 0x0000, 0x0000, 0x0000, 0x0000, 0x0000, 0x0000, 0x0000,
  0x0000, 0x0000, 0x0000, 0x0000, 0x0000, 0x0000, 0x0000, 0x0000, 0x0000, 0x0000, 0x0000, 0x0000, 0x0000, 0x0000, 0x0000, 0x0000,
  0x0000, 0x0000, 0x0000, 0x0000, 0x0000, 0x0000, 0x0000, 0x0000, 0x0000, 0x0000, 0x0000, 0x0000, 0x0000, 0x0000, 0x0000, 0x0000,
  0x0000, 0x0000, 0x0000, 0x0000, 0x0000, 0x0000, 0x0000, 0x0000, 0x0000, 0x0000, 0x0000, 0x0000, 0x0000, 0x0000, 0x0000, 0x0000,
  0x0000, 0x0000, 0x0000, 0x0000, 0x0000, 0x0000, 0x0000, 0x0000, 0x0000, 0x0000, 0x0000, 0x0000, 0x0000, 0x0000, 0x0000, 0x0000,
  0x0000, 0x0000, 0x0000, 0x0000, 0x0000, 0x0000, 0x0000, 0x0000, 0x0000, 0x0000, 0x0000, 0x0000, 0x0000, 0x0000, 0x0000, 0x0000,
  0x0000, 0x0000, 0x0000, 0x0000, 0x0000, 0x0000, 0x0000, 0x0000, 0x0000, 0x0000, 0x0000, 0x0000, 0x0000, 0x0000, 0xEF7D, 0xF79D,
  0xF79D, 0xF79D, 0xF79D, 0xF79D, 0xF79E, 0xF79D, 0xF79D, 0xF7BE, 0xFFDF, 0xF79D, 0xF79D, 0xF77D, 0xFFFF, 0xF79D, 0xF79D, 0xF79D,
  0xF79D, 0xF79D, 0xF79D, 0xF79D, 0xF79D, 0xF79E, 0xFFBE, 0xFBEF, 0x0000, 0x0000, 0x0000, 0x0000, 0x0000, 0x0000, 0x0000, 0x0000,
  0x0000, 0x0000, 0x0000, 0x0000, 0x0000, 0x0000, 0x0000, 0x0000, 0x0000, 0x0000, 0x0000, 0x0000, 0x0000, 0x0000, 0x0000, 0x0000,
  0x0000, 0x0000, 0x0000, 0x0000, 0x0000, 0x0000, 0x0000, 0x0000, 0x0000, 0x0000, 0x0000, 0x0000, 0x0000, 0x0000, 0x0000, 0x0000,
  0x0000, 0x0000, 0x0000, 0x0000, 0x0000, 0x0000, 0x0000, 0x0000, 0x0000, 0x0000, 0x0000, 0x0000, 0x0000, 0x0000, 0x0000, 0x0000,
  0x0000, 0x0000, 0x0000, 0x0000, 0x0000, 0x0000, 0x0000, 0x0000, 0x0000, 0x0000, 0xF800, 0x0000, 0xF800, 0xE382, 0xE365, 0xF386,
  0xFBE6, 0xFBC6, 0xF385, 0xEB65, 0xB263, 0x0000, 0xF800, 0x0000, 0x0000, 0x0000, 0x0000, 0x0000, 0x0000, 0x0000, 0x0000, 0x0000,
  0x0000, 0x0000, 0x0000, 0x0000, 0x0000, 0x0000, 0x0000, 0x0000, 0x0000, 0x0000, 0x0000, 0x0000, 0x0000, 0x0000, 0x0000, 0x0000,
  0x0000, 0x0000, 0x0000, 0x0000, 0x0000, 0x0000, 0x0000, 0x0000, 0x0000, 0x0000, 0x0000, 0x0000, 0x0000, 0x0000, 0x0000, 0x0000,
  0x0000, 0x0000, 0x0000, 0x0000, 0x0000, 0x0000, 0x0000, 0x0000, 0x0000, 0x0000, 0x0000, 0x0000, 0x0000, 0x0000, 0x0000, 0x0000,
  0x0000, 0x0000, 0x0000, 0x0000, 0x0000, 0x0000, 0x0000, 0x0000, 0x0000, 0x0000, 0x0000, 0x0000, 0x0000, 0x0000, 0x0000, 0x0000,
  0x0000, 0x0000, 0x0000, 0x0000, 0x0000, 0x0000, 0x0000, 0x0000, 0x0000, 0x0000, 0x0000, 0x0000, 0x0000, 0x0000, 0x0000, 0x0000,
  0x0000, 0x0000, 0x0000, 0x0000, 0x0000, 0x0000, 0x0000, 0x0000, 0x0000, 0x0000, 0x0000, 0x0000, 0x0000, 0x0000, 0x0000, 0x0000,
  0x0000, 0x0000, 0x0000, 0x0000, 0x0000, 0x0000, 0x0000, 0x0000, 0x0000, 0x0000, 0x0000, 0x0000, 0x0000, 0x0000, 0x0000, 0x0000,
  0x0000, 0x0000, 0x0000, 0x0000, 0x0000, 0x0000, 0x0000, 0x0000, 0x0000, 0x0000, 0x0000, 0x0000, 0x0000, 0x0000, 0x0000, 0x0000,
  0x0000, 0x0000, 0x0000, 0x0000, 0x0000, 0x0000, 0x0000, 0x0000, 0x0000, 0x0000, 0x0000, 0x0000, 0x0000, 0x0000, 0xFFFF, 0x0000,
  0x0000, 0x0000, 0xBDF7, 0xFFDE, 0xF79D, 0xF79D, 0xF79D, 0xF79E, 0xF79D, 0xF79E, 0xF79D, 0xF79D, 0xF79D, 0xF79E, 0xF79E, 0xF79E,
  0xF79D, 0xF79E, 0xF79D, 0xF79D, 0xF79D, 0xF79D, 0xF79D, 0xF79D, 0xF79E, 0xFFBE, 0xFFFF, 0x0000, 0x0000, 0x0000, 0x0000, 0x0000,
  0x0000, 0x0000, 0x0000, 0x0000, 0x0000, 0x0000, 0x0000, 0x0000, 0x0000, 0x0000, 0x0000, 0x0000, 0x0000, 0x0000, 0x0000, 0x0000,
  0x0000, 0x0000, 0x0000, 0x0000, 0x0000, 0x0000, 0x0000, 0x0000, 0x0000, 0x0000, 0x0000, 0x0000, 0x0000, 0x0000, 0x0000, 0xFFFF,
  0x0000, 0x0000, 0x0000, 0x0000, 0x0000, 0x0000, 0x0000, 0x0000, 0x0000, 0x0000, 0x0000, 0x0000, 0x0000, 0x0000, 0x0000, 0x0000,
  0x0000, 0x0000, 0x0000, 0x0000, 0x0000, 0x0000, 0x0000, 0x0000, 0x0000, 0x0000, 0x0000, 0x0000, 0x0000, 0x0000, 0x0000, 0x0000,
  0x0000, 0x0000, 0x0000, 0xF800, 0xF800, 0xF800, 0x0000, 0x0000, 0x0000, 0x0000, 0x0000, 0x0000, 0x0000, 0x0000, 0x0000, 0x0000,
  0x0000, 0x0000, 0x0000, 0x0000, 0x0000, 0x0000, 0x0000, 0x0000, 0x0000, 0x0000, 0x0000, 0x0000, 0x0000, 0x0000, 0x0000, 0x0000,
  0x0000, 0x0000, 0x0000, 0x0000, 0x0000, 0x0000, 0x0000, 0x0000, 0x0000, 0x0000, 0x0000, 0x0000, 0x0000, 0x0000, 0x0000, 0x0000,
  0x0000, 0x0000, 0x0000, 0x0000, 0x0000, 0x0000, 0x0000, 0x0000, 0x0000, 0x0000, 0x0000, 0x0000, 0x0000, 0x0000, 0x0000, 0x0000,
  0x0000, 0x0000, 0x0000, 0x0000, 0x0000, 0x0000, 0x0000, 0x0000, 0x0000, 0x0000, 0x0000, 0x0000, 0x0000, 0x0000, 0x0000, 0x0000,
  0x0000, 0x0000, 0x0000, 0x0000, 0x0000, 0x0000, 0x0000, 0x0000, 0x0000, 0x0000, 0x0000, 0x0000, 0x0000, 0x0000, 0x0000, 0x0000,
  0x0000, 0x0000, 0x0000, 0x0000, 0x0000, 0x0000, 0x0000, 0x0000, 0x0000, 0x0000, 0x0000, 0x0000, 0x0000, 0x0000, 0x0000, 0x0000,
  0x0000, 0x0000, 0x0000, 0x0000, 0x0000, 0x0000, 0x0000, 0x0000, 0x0000, 0x0000, 0x0000, 0x0000, 0x0000, 0x0000, 0x0000, 0x0000,
  0x0000, 0x0000, 0x0000, 0x0000, 0x0000, 0x0000, 0x0000, 0x0000, 0x0000, 0x0000, 0x0000, 0x0000, 0x0000, 0x0000, 0x0000, 0x0000,
  0x0000, 0x0000, 0x0000, 0x0000, 0x0000, 0x0000, 0x0000, 0x0000, 0x0000, 0x0000, 0x0000, 0x0000, 0x0000, 0x0000, 0x0000, 0x0000,
  0x0000, 0x0000, 0x0000, 0x0000, 0x0000, 0x0000, 0x0000, 0x0000, 0xFFBE, 0xF79E, 0xF79D, 0xF79E, 0xF79E, 0xF79D, 0xF79D, 0xF79D,
  0xF79E, 0xF79E, 0xF79D, 0xF79D, 0xF79D, 0xF79D, 0xF79D, 0xF79D, 0xF79D, 0xF79D, 0xF79E, 0xF79E, 0xFFBE, 0x0000, 0x0000, 0x0000,
  0x0000, 0x0000, 0x0000, 0x0000, 0x0000, 0x0000, 0x0000, 0x0000, 0x0000, 0x0000, 0x0000, 0x0000, 0x0000, 0x0000, 0x0000, 0x0000,
  0x0000, 0x0000, 0x0000, 0x0000, 0x0000, 0x0000, 0x0000, 0x0000, 0x0000, 0x0000, 0x0000, 0x0000, 0x0000, 0x0000, 0x0000, 0x0000,
  0x0000, 0x0000, 0x0000, 0x0000, 0x0000, 0x0000, 0x0000, 0x0000, 0x0000, 0x0000, 0x0000, 0x0000, 0x0000, 0x0000, 0x0000, 0x0000,
  0x0000, 0x0000, 0x0000, 0x0000, 0x0000, 0x0000, 0x0000, 0x0000, 0x0000, 0x0000, 0x0000, 0x0000, 0x0000, 0x0000, 0x0000, 0x0000,
  0x0000, 0x0000, 0x0000, 0x0000, 0x0000, 0x0000, 0x0000, 0x0000, 0x0000, 0x0000, 0x0000, 0x0000, 0x0000, 0x0000, 0x0000, 0x0000,
  0x0000, 0x0000, 0x0000, 0x0000, 0x0000, 0x0000, 0x0000, 0x0000, 0x0000, 0x0000, 0x0000, 0x0000, 0x0000, 0x0000, 0x0000, 0x0000,
  0x0000, 0x0000, 0x0000, 0x0000, 0x0000, 0x0000, 0x0000, 0x0000, 0x0000, 0x0000, 0x0000, 0x0000, 0x0000, 0x0000, 0x0000, 0x0000,
  0x0000, 0x0000, 0x0000, 0x0000, 0x0000, 0x0000, 0x0000, 0x0000, 0x0000, 0x0000, 0x0000, 0x0000, 0x0000, 0x0000, 0x0000, 0x0000,
  0x0000, 0x0000, 0x0000, 0x0000, 0x0000, 0x0000, 0x0000, 0x0000, 0x0000, 0x0000, 0x0000, 0x0000, 0x0000, 0x0000, 0x0000, 0x0000,
  0x0000, 0x0000, 0x0000, 0x0000, 0x0000, 0x0000, 0x0000, 0x0000, 0x0000, 0x0000, 0x0000, 0x0000, 0x0000, 0x0000, 0x0000, 0x0000,
  0x0000, 0x0000, 0x0000, 0x0000, 0x0000, 0x0000, 0x0000, 0x0000, 0x0000, 0x0000, 0x0000, 0x0000, 0x0000, 0x0000, 0x0000, 0x0000,
  0x0000, 0x0000, 0x0000, 0x0000, 0x0000, 0x0000, 0x0000, 0x0000, 0x0000, 0x0000, 0x0000, 0x0000, 0x0000, 0x0000, 0x0000, 0x0000,
  0x0000, 0x0000, 0x0000, 0x0000, 0x0000, 0x0000, 0x0000, 0x0000, 0x0000, 0x0000, 0x0000, 0x0000, 0x0000, 0x0000, 0x0000, 0x0000,
  0x0000, 0x0000, 0x0000, 0x0000, 0x0000, 0x0000, 0x0000, 0x0000, 0x0000, 0x0000, 0x0000, 0x0000, 0x0000, 0x0000, 0x0000, 0x0000,
  0x0000, 0x0000, 0x0000, 0x0000, 0x0000, 0x0000, 0x0000, 0x0000, 0x0000, 0x0000, 0x0000, 0xFFFF, 0x0000, 0xFFFF, 0xF79D, 0xF79D,
  0xF79D, 0xF79D, 0xF79E, 0xF79D, 0xF79D, 0xF79D, 0xF79D, 0xF79D, 0xF79D, 0xF79D, 0xF79D, 0xF79D, 0xF79E, 0xF79E, 0xF79E, 0xFFFF,
  0x0000, 0x0000, 0x0000, 0x0000, 0x0000, 0x0000, 0x0000, 0x0000, 0x0000, 0x0000, 0x0000, 0x0000, 0x0000, 0x0000, 0x0000, 0x0000,
  0x0000, 0x0000, 0x0000, 0x0000, 0x0000, 0x0000, 0x0000, 0x0000, 0x0000, 0x0000, 0x0000, 0x0000, 0x0000, 0x0000, 0x0000, 0x0000,
  0x0000, 0x0000, 0x0000, 0x0000, 0x0000, 0x0000, 0x0000, 0x0000, 0x0000, 0x0000, 0x0000, 0x0000, 0x0000, 0x0000, 0x0000, 0x0000,
  0x0000, 0x0000, 0x0000, 0x0000, 0x0000, 0x0000, 0x0000, 0x0000, 0x0000, 0x0000, 0x0000, 0x0000, 0x0000, 0x0000, 0x0000, 0x0000,
  0x0000, 0x0000, 0x0000, 0x0000, 0x0000, 0x0000, 0x0000, 0x0000, 0x0000, 0x0000, 0x0000, 0x0000, 0x0000, 0x0000, 0x0000, 0x0000,
  0x0000, 0x0000, 0x0000, 0x0000, 0x0000, 0x0000, 0x0000, 0x0000, 0x0000, 0x0000, 0x0000, 0x0000, 0x0000, 0x0000, 0x0000, 0x0000,
  0x0000, 0x0000, 0x0000, 0x0000, 0x0000, 0x0000, 0x0000, 0x0000, 0x0000, 0x0000, 0x0000, 0x0000, 0x0000, 0x0000, 0x0000, 0x0000,
  0x0000, 0x0000, 0x0000, 0x0000, 0x0000, 0x0000, 0x0000, 0x0000, 0x0000, 0x0000, 0x0000, 0x0000, 0x0000, 0x0000, 0x0000, 0x0000,
  0x0000, 0x0000, 0x0000, 0x0000, 0x0000, 0x0000, 0x0000, 0x0000, 0x0000, 0x0000, 0x0000, 0x0000, 0x0000, 0x0000, 0x0000, 0x0000,
  0x0000, 0x0000, 0x0000, 0x0000, 0x0000, 0x0000, 0x0000, 0x0000, 0x0000, 0x0000, 0x0000, 0x0000, 0x0000, 0x0000, 0x0000, 0x0000,
  0x0000, 0x0000, 0x0000, 0x0000, 0x0000, 0x0000, 0x0000, 0x0000, 0x0000, 0x0000, 0x0000, 0x0000, 0x0000, 0x0000, 0x0000, 0x0000,
  0x0000, 0x0000, 0x0000, 0x0000, 0x0000, 0x0000, 0x0000, 0x0000, 0x0000, 0x0000, 0x0000, 0x0000, 0x0000, 0x0000, 0x0000, 0x0000,
  0x0000, 0x0000, 0x0000, 0x0000, 0x0000, 0x0000, 0x0000, 0x0000, 0x0000, 0x0000, 0x0000, 0x0000, 0x0000, 0x0000, 0x0000, 0x0000,
  0x0000, 0x0000, 0x0000, 0x0000, 0x0000, 0x0000, 0x0000, 0x0000, 0x0000, 0x0000, 0x0000, 0x0000, 0x0000, 0x0000, 0x0000, 0x0000,
  0x0000, 0x0000, 0x0000, 0x0000, 0x0000, 0x0000, 0x0000, 0x0000, 0x0000, 0x0000, 0x0000, 0x0000, 0x0000, 0x0000, 0x0000, 0x0000,
  0x0000, 0xAD55, 0xEF5D, 0xF79D, 0xF79D, 0xF79D, 0xF79E, 0xF79E, 0xF79D, 0xF79E, 0xF79E, 0xF79D, 0xF79D, 0xF79D, 0xF79D, 0xF79D,
  0xF79D, 0xF79D, 0xE71C, 0xFFFF, 0x0000, 0x0000, 0x0000, 0x0000, 0x0000, 0x0000, 0x0000, 0x0000, 0x0000, 0x0000, 0x0000, 0x0000,
  0x0000, 0x0000, 0x0000, 0x0000, 0x0000, 0x0000, 0x0000, 0x0000, 0x0000, 0x0000, 0x0000, 0x0000, 0x0000, 0x0000, 0x0000, 0x0000,
  0x0000, 0x0000, 0x0000, 0x0000, 0x0000, 0x0000, 0x0000, 0x0000, 0x0000, 0x0000, 0x0000, 0x0000, 0x0000, 0x0000, 0x0000, 0x0000,
  0x0000, 0x0000, 0x0000, 0x0000, 0x0000, 0x0000, 0x0000, 0x0000, 0x0000, 0x0000, 0x0000, 0x0000, 0x0000, 0x0000, 0x0000, 0x0000,
  0x0000, 0x0000, 0x0000, 0x0000, 0x0000, 0x0000, 0x0000, 0x0000, 0x0000, 0x0000, 0x0000, 0x0000, 0x0000, 0x0000, 0x0000, 0x0000,
  0x0000, 0x0000, 0x0000, 0x0000, 0x0000, 0x0000, 0x0000, 0x0000, 0x0000, 0x0000, 0x0000, 0x0000, 0x0000, 0x0000, 0x0000, 0x0000,
  0x0000, 0x0000, 0x0000, 0x0000, 0x0000, 0x0000, 0x0000, 0x0000, 0x0000, 0x0000, 0x0000, 0x0000, 0x0000, 0x0000, 0x0000, 0x0000,
  0x0000, 0x0000, 0x0000, 0x0000, 0x0000, 0x0000, 0x0000, 0x0000, 0x0000, 0x0000, 0x0000, 0x0000, 0x0000, 0x0000, 0x0000, 0x0000,
  0x0000, 0x0000, 0x0000, 0x0000, 0x0000, 0x0000, 0x0000, 0x0000, 0x0000, 0x0000, 0x0000, 0x0000, 0x0000, 0x0000, 0x0000, 0x0000,
  0x0000, 0x0000, 0x0000, 0x0000, 0x0000, 0x0000, 0x0000, 0x0000, 0x0000, 0x0000, 0x0000, 0x0000, 0x0000, 0x0000, 0x0000, 0x0000,
  0x0000, 0x0000, 0x0000, 0x0000, 0x0000, 0x0000, 0x0000, 0x0000, 0x0000, 0x0000, 0x0000, 0x0000, 0x0000, 0x0000, 0x0000, 0x0000,
  0x0000, 0x0000, 0x0000, 0x0000, 0x0000, 0x0000, 0x0000, 0x0000, 0x0000, 0x0000, 0x0000, 0x0000, 0x0000, 0x0000, 0x0000, 0x0000,
  0x0000, 0x0000, 0x0000, 0x0000, 0x0000, 0x0000, 0x0000, 0x0000, 0x0000, 0x0000, 0x0000, 0x0000, 0x0000, 0x0000, 0x0000, 0x0000,
  0x0000, 0x0000, 0x0000, 0x0000, 0x0000, 0x0000, 0x0000, 0x0000, 0x0000, 0x0000, 0x0000, 0x0000, 0x0000, 0x0000, 0x0000, 0x0000,
  0x0000, 0x0000, 0x0000, 0x0000, 0x0000, 0x0000, 0x0000, 0x0000, 0x0000, 0x0000, 0x0000, 0x0000, 0x0000, 0x0000, 0x0000, 0x0000,
  0x0000, 0x0000, 0x0000, 0x0000, 0x0000, 0x0000, 0x0000, 0x0000, 0xF77D, 0xFFDE, 0xF79D, 0xF79E, 0xF79D, 0xF79D, 0xF79D, 0xF79E,
  0xF79E, 0xF79E, 0xF79D, 0xFFFF, 0xE71C, 0x0000, 0xFFFF, 0x0000, 0x0000, 0x0000, 0x0000, 0x0000, 0x0000, 0x0000, 0x0000, 0x0000,
  0x0000, 0x0000, 0x0000, 0x0000, 0x0000, 0x0000, 0x0000, 0x0000, 0x0000, 0x0000, 0x0000, 0x0000, 0x0000, 0x0000, 0x0000, 0x0000,
  0x0000, 0x0000, 0x0000, 0x0000, 0x0000, 0x0000, 0x0000, 0x0000, 0x0000, 0x0000, 0x0000, 0x0000, 0x0000, 0x0000, 0x0000, 0x0000,
  0x0000, 0x0000, 0x0000, 0x0000, 0x0000, 0x0000, 0x0000, 0x0000, 0x0000, 0x0000, 0x0000, 0x0000, 0x0000, 0x0000, 0x0000, 0x0000,
  0x0000, 0x0000, 0x0000, 0x0000, 0x0000, 0x0000, 0x0000, 0x0000, 0x0000, 0x0000, 0x0000, 0x0000, 0x0000, 0x0000, 0x0000, 0x0000,
  0x0000, 0x0000, 0x0000, 0x0000, 0x0000, 0x0000, 0x0000, 0x0000, 0x0000, 0x0000, 0x0000, 0x0000, 0x0000, 0x0000, 0x0000, 0x0000,
  0x0000, 0x0000, 0x0000, 0x0000, 0x0000, 0x0000, 0x0000, 0x0000, 0x0000, 0x0000, 0x0000, 0x0000, 0x0000, 0x0000, 0x0000, 0x0000,
  0x0000, 0x0000, 0x0000, 0x0000, 0x0000, 0x0000, 0x0000, 0x0000, 0x0000, 0x0000, 0x0000, 0x0000, 0x0000, 0x0000, 0x0000, 0x0000,
  0x0000, 0x0000, 0x0000, 0x0000, 0x0000, 0x0000, 0x0000, 0x0000, 0x0000, 0x0000, 0x0000, 0x0000, 0x0000, 0x0000, 0x0000, 0x0000,
  0x0000, 0x0000, 0x0000, 0x0000, 0x0000, 0x0000, 0x0000, 0x0000, 0x0000, 0x0000, 0x0000, 0x0000, 0x0000, 0x0000, 0x0000, 0x0000,
  0x0000, 0x0000, 0x0000, 0x0000, 0x0000, 0x0000, 0x0000, 0x0000, 0x0000, 0x0000, 0x0000, 0x0000, 0x0000, 0x0000, 0x0000, 0x0000,
  0x0000, 0x0000, 0x0000, 0x0000, 0x0000, 0x0000, 0x0000, 0x0000, 0x0000, 0x0000, 0x0000, 0x0000, 0x0000, 0x0000, 0x0000, 0x0000,
  0x0000, 0x0000, 0x0000, 0x0000, 0x0000, 0x0000, 0x0000, 0x0000, 0x0000, 0x0000, 0x0000, 0x0000, 0x0000, 0x0000, 0x0000, 0x0000,
  0x0000, 0x0000, 0x0000, 0x0000, 0x0000, 0x0000, 0x0000, 0x0000, 0x0000, 0x0000, 0x0000, 0x0000, 0x0000, 0x0000, 0x0000, 0x0000,
  0x0000, 0x0000, 0x0000, 0x0000, 0x0000, 0x0000, 0x0000, 0x0000, 0x0000, 0x0000, 0x0000, 0x0000, 0x0000, 0x0000, 0x0000, 0x0000,
  0x0000, 0x0000, 0x0000, 0x0000, 0x0000, 0x0000, 0x0000, 0x0000, 0x0000, 0x0000, 0x0000, 0x0000, 0x0000, 0xFFFF, 0x0000, 0xE73B,
  0xF77D, 0xF79E, 0xF7BE, 0xF79E, 0xEF7D, 0xD657, 0x0000, 0xBDF7, 0xFFFF, 0x0000, 0x0000, 0x0000, 0x0000, 0x0000, 0x0000, 0x0000,
  0x0000, 0x0000, 0x0000, 0x0000, 0x0000, 0x0000, 0x0000, 0x0000, 0x0000, 0x0000, 0x0000, 0x0000, 0x0000, 0x0000, 0x0000, 0x0000,
  0x0000, 0x0000, 0x0000, 0x0000, 0x0000, 0x0000, 0x0000, 0x0000, 0x0000, 0x0000, 0x0000, 0x0000, 0x0000, 0x0000, 0x0000, 0x0000,
  0x0000, 0x0000, 0x0000, 0x0000, 0x0000, 0x0000, 0x0000, 0x0000, 0x0000, 0x0000, 0x0000, 0x0000, 0x0000, 0x0000, 0x0000, 0x0000,
  0x0000, 0x0000, 0x0000, 0x0000, 0x0000, 0x0000, 0x0000, 0x0000, 0x0000, 0x0000, 0x0000, 0x0000, 0x0000, 0x0000, 0x0000, 0x0000,
  0x0000, 0x0000, 0x0000, 0x0000, 0x0000, 0x0000, 0x0000, 0x0000, 0x0000, 0x0000, 0x0000, 0x0000, 0x0000, 0x0000, 0x0000, 0x0000,
  0x0000, 0x0000, 0x0000, 0x0000, 0x0000, 0x0000, 0x0000, 0x0000, 0x0000, 0x0000, 0x0000, 0x0000, 0x0000, 0x0000, 0x0000, 0x0000,
  0x0000, 0x0000, 0x0000, 0x0000, 0x0000, 0x0000, 0x0000, 0x0000, 0x0000, 0x0000, 0x0000, 0x0000, 0x0000, 0x0000, 0x0000, 0x0000,
  0x0000, 0x0000, 0x0000, 0x0000, 0x0000, 0x0000, 0x0000, 0x0000, 0x0000, 0x0000, 0x0000, 0x0000, 0x0000, 0x0000, 0x0000, 0x0000,
  0x0000, 0x0000, 0x0000, 0x0000, 0x0000, 0x0000, 0x0000, 0x0000, 0x0000, 0x0000, 0x0000, 0x0000, 0x0000, 0x0000, 0x0000, 0x0000,
  0x0000, 0x0000, 0x0000, 0x0000, 0x0000, 0x0000, 0x0000, 0x0000, 0x0000, 0x0000, 0x0000, 0x0000, 0x0000, 0x0000, 0x0000, 0x0000,
  0x0000, 0x0000, 0x0000, 0x0000, 0x0000, 0x0000, 0x0000, 0x0000, 0x0000, 0x0000, 0x0000, 0x0000, 0x0000, 0x0000, 0x0000, 0x0000,
  0x0000, 0x0000, 0x0000, 0x0000, 0x0000, 0x0000, 0x0000, 0x0000, 0x0000, 0x0000, 0x0000, 0x0000, 0x0000, 0x0000, 0x0000, 0x0000,
  0x0000, 0x0000, 0x0000, 0x0000, 0x0000, 0x0000, 0x0000, 0x0000, 0x0000, 0x0000, 0x0000, 0x0000, 0x0000, 0x0000, 0x0000, 0x0000,
  0x0000, 0x0000, 0x0000, 0x0000, 0x0000, 0x0000, 0x0000, 0x0000, 0x0000, 0x0000, 0x0000, 0x0000, 0x0000, 0x0000, 0x0000, 0x0000,
  0x0000, 0x0000, 0x0000, 0x0000, 0x0000, 0x0000, 0x0000, 0x0000, 0x0000, 0x0000, 0x0000, 0x0000, 0x0000, 0x0000, 0x0000, 0x0000,
  0x0000, 0x0000, 0x0000, 0x0000, 0x0000, 0x0000, 0x0000, 0x0000, 0x0000, 0x0000, 0xFFFF, 0xFFFF, 0xFFFF, 0x0000, 0x0000, 0x0000,
  0x0000, 0x0000, 0x0000, 0x0000, 0x0000, 0x0000, 0x0000, 0x0000, 0x0000, 0x0000, 0x0000, 0x0000, 0x0000, 0x0000, 0x0000, 0x0000,
  0x0000, 0x0000, 0x0000, 0x0000, 0x0000, 0x0000, 0x0000, 0x0000, 0x0000, 0x0000, 0x0000, 0x0000, 0x0000, 0x0000, 0x0000, 0x0000,
  0x0000, 0x0000, 0x0000, 0x0000, 0x0000, 0x0000, 0x0000, 0x0000, 0x0000, 0x0000, 0x0000, 0x0000, 0x0000, 0x0000, 0x0000, 0x0000,
  0x0000, 0x0000, 0x0000, 0x0000, 0x0000, 0x0000, 0x0000, 0x0000, 0x0000, 0x0000, 0x0000, 0x0000, 0x0000, 0x0000, 0x0000, 0x0000,
  0x0000, 0x0000, 0x0000, 0x0000, 0x0000, 0x0000, 0x0000, 0x0000, 0x0000, 0x0000, 0x0000, 0x0000, 0x0000, 0x0000, 0x0000, 0x0000,
  0x0000, 0x0000, 0x0000, 0x0000, 0x0000, 0x0000, 0x0000, 0x0000, 0x0000, 0x0000, 0x0000, 0x0000, 0x0000, 0x0000, 0x0000, 0x0000,
  0x0000, 0x0000, 0x0000, 0x0000, 0x0000, 0x0000, 0x0000, 0x0000, 0x0000, 0x0000, 0x0000, 0x0000, 0x0000, 0x0000, 0x0000, 0x0000,
  0x0000, 0x0000, 0x0000, 0x0000, 0x0000, 0x0000, 0x0000, 0x0000, 0x0000, 0x0000, 0x0000, 0x0000, 0x0000, 0x0000, 0x0000, 0x0000,
  0x0000, 0x0000, 0x0000, 0x0000, 0x0000, 0x0000, 0x0000, 0x0000, 0x0000, 0x0000, 0x0000, 0x0000, 0x0000, 0x0000, 0x0000, 0x0000,
  0x0000, 0x0000, 0x0000, 0x0000, 0x0000, 0x0000, 0x0000, 0x0000, 0x0000, 0x0000, 0x0000, 0x0000, 0x0000, 0x0000, 0x0000, 0x0000,
  0x0000, 0x0000, 0x0000, 0x0000, 0x0000, 0x0000, 0x0000, 0x0000, 0x0000, 0x0000, 0x0000, 0x0000, 0x0000, 0x0000, 0x0000, 0x0000,
  0x0000, 0x0000, 0x0000, 0x0000, 0x0000, 0x0000, 0x0000, 0x0000, 0x0000, 0x0000, 0x0000, 0x0000, 0x0000, 0x0000, 0x0000, 0x0000,
  0x0000, 0x0000, 0x0000, 0x0000, 0x0000, 0x0000, 0x0000, 0x0000, 0x0000, 0x0000, 0x0000, 0x0000, 0x0000, 0x0000, 0x0000, 0x0000,
  0x0000, 0x0000, 0x0000, 0x0000, 0x0000, 0x0000, 0x0000, 0x0000, 0x0000, 0x0000, 0x0000, 0x0000, 0x0000, 0x0000, 0x0000, 0x0000,
  0x0000, 0x0000, 0x0000, 0x0000, 0x0000, 0x0000, 0x0000, 0x0000, 0x0000, 0x0000, 0x0000, 0x0000, 0x0000, 0x0000, 0x0000, 0x0000,
  0x0000, 0x0000, 0x0000, 0x0000, 0x0000, 0x0000, 0x0000, 0x0000, 0x0000, 0x0000, 0x0000, 0x0000, 0x0000, 0x0000, 0x0000, 0x0000,
  0x0000, 0x0000, 0x0000, 0x0000, 0x0000, 0x0000, 0x0000, 0x0000, 0x0000, 0x0000, 0x0000, 0x0000, 0x0000, 0x0000, 0x0000, 0x0000,
  0x0000, 0x0000, 0x0000, 0x0000, 0x0000, 0x0000, 0x0000, 0x0000, 0x0000, 0x0000, 0x0000, 0x0000, 0x0000, 0x0000, 0x0000, 0x0000,
  0x0000, 0x0000, 0x0000, 0x0000, 0x0000, 0x0000, 0x0000, 0x0000, 0x0000, 0x0000, 0x0000, 0x0000, 0x0000, 0x0000, 0x0000, 0x0000,
  0x0000, 0x0000, 0x0000, 0x0000, 0x0000, 0x0000, 0x0000, 0x0000, 0x0000, 0x0000, 0x0000, 0x0000,
};
